caption,alt,shortCode,displayUrl,locationName,ownerFullName,locationId,timestamp,predicted,details,title,date,time,location
"يسر النادي العربي الثقافي بجامعة MMU دعوتكم لورشة مميزة وممتعة!

عنوان الورشة:
“Video Editing Made Easy with CapCut”
بإشراف: م. عمار نعمان

🗓 الموعد:
الأحد 11 مايو 2025

⏰ الوقت:
من 3:00 مساءً حتى 7:00 مساءً

📍 القاعة:
CLBR 1023

عن إيش راح نتعلم؟ 🔍
• لماذا نستخدم CapCut؟
• شرح الواجهة وإنشاء مشروع جديد
• استيراد الميديا والتعامل مع الـ Timeline
• أهم اختصارات الكيبورد
• إضافة التأثيرات والانتقالات
• تعديل الصوت والنصوص وCaptions
• أفضل إعدادات التصدير للسوشيال ميديا

🚀 الورشة مناسبة لجميع المستويات – سواء كنت مبتدئ أو مهتم بصناعة المحتوى!
لا تفوت الفرصة… تعال واكتسب مهارات المونتاج وصناعة الفيديو الإبداعي!

🎟️ التسجيل عبر QR code | الرسوم: RM10 فقط
المقاعد محدودة، سارع بالتسجيل!

⸻

ملاحظة:
يرجى من جميع المتدربين:
– تحميل تطبيق CapCut مسبقًا على أجهزتكم.
– إحضار بعض ملفات الميديا (صور/فيديوهات) إلى أجهزتكم للتجربة والتطبيق العملي خلال الورشة.

ننتظركم بكل حماس! 🔥

#CapCutWorkshop
#VideoEditing
#MobileEditing
#ContentCreation
#ReelsEditing
#SocialMediaReady
#LearnWithUs
#CreativeCommunity
#MMUEvents","Photo shared by Arabian Culture Society - النادي العربي الثقافي on May 07, 2025 tagging @ammar_nouman. May be an image of screen, poster, magazine, newspaper and text.",DJV-QxXR_0W,https://instagram.fmci2-1.fna.fbcdn.net/v/t51.2885-15/495733843_18325845541204837_3770520796195310408_n.jpg?stp=dst-jpg_e35_p1080x1080_sh0.08_tt6&_nc_ht=instagram.fmci2-1.fna.fbcdn.net&_nc_cat=101&_nc_oc=Q6cZ2QHFdyMHr1uujwBx6W_MurVwRcQzQHU6SwnjnecYwxgvoXzUq8p-z0_O8FBV2lfzYFU&_nc_ohc=MCUK_gU-3UwQ7kNvwG3stBS&_nc_gid=07Cuci4pjmHFh5GW89cVdw&edm=APs17CUBAAAA&ccb=7-5&oh=00_AfLaQVCQ2AU4-JjHoGvLSuQLnnC73v1jCqiLDpJZgmYv4A&oe=682FBF33&_nc_sid=10d13b,,Arabian Culture Society - النادي العربي الثقافي,,2025-05-07T07:05:21.000Z,1,"- Title: ""Video Editing Made Easy with CapCut""- Date: 11  2025- Time: 3:00  7:00- Location: CLBR 1023",Video Editing Made Easy with CapCut,11 2025,3:00 7:00,CLBR 1023
"يسر النادي العربي الثقافي بجامعة MMU دعوتكم لورشة مميزة وممتعة!

عنوان الورشة:
“Video Editing Made Easy with CapCut”
بإشراف: م. عمار نعمان

🗓 الموعد:
الأحد 11 مايو 2025

⏰ الوقت:
من 3:00 مساءً حتى 7:00 مساءً

📍 القاعة:
CLBR 1023

عن إيش راح نتعلم؟ 🔍
• لماذا نستخدم CapCut؟
• شرح الواجهة وإنشاء مشروع جديد
• استيراد الميديا والتعامل مع الـ Timeline
• أهم اختصارات الكيبورد
• إضافة التأثيرات والانتقالات
• تعديل الصوت والنصوص وCaptions
• أفضل إعدادات التصدير للسوشيال ميديا

🚀 الورشة مناسبة لجميع المستويات – سواء كنت مبتدئ أو مهتم بصناعة المحتوى!
لا تفوت الفرصة… تعال واكتسب مهارات المونتاج وصناعة الفيديو الإبداعي!

🎟️ التسجيل عبر QR code | الرسوم: RM10 فقط
المقاعد محدودة، سارع بالتسجيل!

⸻

ملاحظة:
يرجى من جميع المتدربين:
– تحميل تطبيق CapCut مسبقًا على أجهزتكم.
– إحضار بعض ملفات الميديا (صور/فيديوهات) إلى أجهزتكم للتجربة والتطبيق العملي خلال الورشة.

ننتظركم بكل حماس! 🔥

#CapCutWorkshop
#VideoEditing
#MobileEditing
#ContentCreation
#ReelsEditing
#SocialMediaReady
#LearnWithUs
#CreativeCommunity
#mmuevents","Photo shared by Arabian Culture Society - النادي العربي الثقافي on May 07, 2025 tagging @ammar_nouman. May be an image of ‎1 person, poster and ‎text that says '‎ਨ TИ NoW D CapCut CapCut m CapC ㅠTTTE のつ止 ل LLL FWET ្នា o ..... C C.E نعمان عمار م يقدمها يقد مها ap( r‎'‎‎.",DJV-N9DR1xO,https://scontent-phx1-1.cdninstagram.com/v/t51.2885-15/495928267_18325845517204837_1716249941195077003_n.jpg?stp=dst-jpg_e35_p1080x1080_sh0.08_tt6&_nc_ht=scontent-phx1-1.cdninstagram.com&_nc_cat=101&_nc_oc=Q6cZ2QFPoKDIbAMhWv0oD_oCcFcpt4vU7iY3ALTQMkLm2eLLONdCr3jVc987VnT_5Wb4hWcCufTKN3JHEO-WR0I92f96&_nc_ohc=8rvpaEJbTboQ7kNvwEBvFJd&_nc_gid=zSoesyRwuQ9Ltgy127cN9g&edm=APs17CUBAAAA&ccb=7-5&oh=00_AfLsBZsGfSpQpa_dSViaEI_Mc8oN3CQxhb5myg4dxb25cg&oe=682FA91B&_nc_sid=10d13b,,Arabian Culture Society - النادي العربي الثقافي,,2025-05-07T07:04:58.000Z,1,"- Title: ""Video Editing Made Easy with CapCut""- Date: 11  2025- Time: 3:00  7:00- Location: CLBR 1023",Video Editing Made Easy with CapCut,11 2025,3:00 7:00,CLBR 1023
"Cast your votes here: https://linktr.ee/D.I.C.E

🕰️ Community Vote Deadline: 30th April 2025

Forge Me is a character design competition hosted by DICE. After many weeks, 6 artists have submitted their work to gain a chance at winning prizes. 

The judges have casted their vote, but now it's up to the community. We'd love to hear from you. 

Take a look at the competitors' characters and stories. The winner will win the title of Community Favorite!","Photo by Dive Into Imagination for Creative Entertainment on April 23, 2025. May be pop art of poster and text.",DI0bszETI9p,https://scontent-atl3-1.cdninstagram.com/v/t51.2885-15/491440863_18074696977890946_2090309670766160444_n.jpg?stp=dst-jpg_e15_tt6&_nc_ht=scontent-atl3-1.cdninstagram.com&_nc_cat=110&_nc_oc=Q6cZ2QHacBSOQJiNjQZucdGb_A8B4DW_M_PgoN5XWhNDhtM_pRhXEoiNkOO-19fGfg1XAaU&_nc_ohc=FlDcj55zR_4Q7kNvwE9ipr5&_nc_gid=16bRBlxWsPQHQcJvqUdqxQ&edm=APs17CUBAAAA&ccb=7-5&oh=00_AfJtEuPT1wUD-llixrp5QSR_M_EZHwH2XJf-I6iei3KNOw&oe=682FB99D&_nc_sid=10d13b,,Dive Into Imagination for Creative Entertainment,,2025-04-24T06:28:24.000Z,1,- Title: Forge Me - Date: 30 April 2025 - Time: 10:05 - Location: https://linktr.ee/D.I.C.E - Artist: 6 - Category: Community Favorit,Forge Me,30-Apr-25,10:05,https://linktr.ee/D.I.C.E
"Dharma 4: A Thousand Problems – One Solution《万题一解》

Feeling overwhelmed by life’s endless problems?😫 Stressed, stuck, or simply searching for clarity? 😮‍💨

Come join us for a thought-provoking Dhamma Talk session that brings everything back to one simple yet profound solution. 💡Discover how the Buddha’s teachings can offer real answers in a world full of questions. 🌎☀️

Date : 21 MAY 2025
Time: 7:30 pm - 10:00pm
Venue: FOE CLBR 1023
Speaker: Bhante Nyaninda
(Spiritual Advisor to BMSM Youth)

Bring your friend, an open mind, and all your questions.😊🔥❤️Because sometimes, all you need is one answer.💯

We open to all ! Click here and register now! 🌟👇
🔗：https://forms.gle/hTnSWreRNLdoqiqz7","Photo by MMU Buddhist Society (Cyberjaya campus) on May 16, 2025. May be an image of 1 person, poster and text that says '""ማ 佛 BUDDHIST SOCIE OMMU MULTIMEDIA ULTIMEDIAUNIVERSITY UNIVERSITY BS CONFESSION DHAMMA SHARING: A THOUSAND PROBLEMS- ONE SOLUTION 万题一解 DATE: 21 MAY 2025 TIME: 7:30PM-10:00PM VENUE: FOE CLBR 1023 f MMU BUDDHIST SOCIETY (CYBERJAYA) SPEAKER: VENERABLE VENERABLENYANINDA NYANINDA BUDDHISTSOCIETY.MML TM GROUP'.",DJvSYfVzoSM,https://scontent-man2-1.cdninstagram.com/v/t51.29350-15/498144247_608045392291659_576906205634333721_n.heic?stp=dst-jpg_e35_s1080x1080_tt6&_nc_ht=scontent-man2-1.cdninstagram.com&_nc_cat=103&_nc_oc=Q6cZ2QH0raxSTID069f8oZaC40vE424iYTt4SEF55aI8zLKX7gpIfyz5fhO-aF9nwlFRQlMyGsjiHRua5HaLsRB9MCwE&_nc_ohc=Y-Qm53zj6S8Q7kNvwFomZp4&_nc_gid=zZWYRYsHClJnCaMKIm_3Dg&edm=APs17CUBAAAA&ccb=7-5&oh=00_AfJpkVJzNaJdmuvD-DDQzw4o2iTx3B3K1O-E5ihT4eh_gQ&oe=682F9D1A&_nc_sid=10d13b,,MMU Buddhist Society (Cyberjaya campus),,2025-05-17T03:02:11.000Z,1,- Title: Dharma 4: A Thousand Problems – One Solution- Date: 21 MAY 2025- Time: 7:30 pm - 10:00 pm- Location: FOE CLBR 1023,Dharma 4: A Thousand Problems – One Solution,21-May-25,7:30 PM,FOE CLBR 1023
"Catch the box before it hits you! 📦 Let’s come up with new ideas to improve our faculty! 🗣️

Join us at the FAC Townhall & RSVP now❗️

🗓️Date: 30th April 2025
📍Venue: CNMX 1005 
🕗Time: 8pm to 10pm

It’s a safe space for worries to be heard and questions to be answered! An open mind will ensure an open community within the faculty 🫵🏼✨ 

#writeyourstorywithcommsoc #yourstorybeginshere #commsoc",,DI_KMAjSk3P,https://scontent-ord5-2.cdninstagram.com/v/t51.2885-15/491897366_17962780034873735_7560751618123216765_n.jpg?stp=dst-jpg_e15_fr_p1080x1080_tt6&_nc_ht=scontent-ord5-2.cdninstagram.com&_nc_cat=111&_nc_oc=Q6cZ2QHweAaRQs6bCXAOd2ns6gJISzN0wN6nzqTfworPXUiFWg7QVmr7wBCyxrpXJkD378s&_nc_ohc=JCI7GgyyCuMQ7kNvwG27ukW&_nc_gid=v2YumpFDcXSdt5Xf5MnXNQ&edm=APs17CUBAAAA&ccb=7-5&oh=00_AfKXJP0fNiBTa_08wFW9_kiVE1O2UZ_7praAv1TDB27IOw&oe=682FB4A7&_nc_sid=10d13b,,Communication Society MMU Cyberjaya,,2025-04-28T10:30:19.000Z,1,- Title: Catch the box before it hits you!  Let’s come up with new ideas to improve our faculty!  Join us at the FAC Townhall & RSVP now Date: 30th April 2025,Catch the box before it hits you! Let’s come up,30th April 2025,,
"Step into a world of wonder 🌟
Melodies, memories, and a little Disney magic 🪄
Will you be there ? 👀

Details on the ticket 🎫:
Standard - RM35
Bundle (10 tickets) - RM32/pax

✨and it's 𝐅𝐑𝐄𝐄 𝐒𝐄𝐀𝐓𝐈𝐍𝐆 for the show 🧚🏻

*prices shown are 𝗲𝘅𝗰𝗹𝘂𝗱𝗶𝗻𝗴 RM2 ticketing processing fee*

Don't miss out this special opportunity to know the ending of the tale 📜

#OnceUponAStage #performingarts #mmu","Photo shared by Once Upon a Stage on May 13, 2025 tagging @tamucyb, @rentakmmu, @ebeevocals, and @shsommu. May be a doodle of ‎poster, costume, magazine and ‎text that says '‎ФMΜΟ NIVERSITY للت מל What Mhatis ដ... OuceUon A Sa Once Upon Stage Once Upon Stage brings to life the magic, music, and nostalgia we all grew up with. Featuring your favourite Disney classics through orchestral renditions, captivating vocals, dynamic choreography, and heartfelt theater, this performance is celebration of timeless wonder. Brought to you by the talents of SHSO, eBee Vocals, RenTak Dance Club, and ΑΜυ from MMU Cyberjaya, experience the ambitious endeavour we dive into world of Disney goodness and share its magic with you. the audience. Be part of something magical, where dreams come true... TMGROUP GROUP‎'‎‎.",DJlk3nSz2YZ,https://scontent-sjc3-1.cdninstagram.com/v/t51.29350-15/497438426_1974993203316609_6210982534304240744_n.heic?stp=dst-jpg_e35_p1080x1080_tt6&_nc_ht=scontent-sjc3-1.cdninstagram.com&_nc_cat=109&_nc_oc=Q6cZ2QEVLhLqLBUzKyNYiVRe78N6VM02y9bjheFT6zTEpD0ix_WbeSa-cpiy8FiMYA_qdf7ojcHatbqy0OphnSzzMP7C&_nc_ohc=xIFPsqtRMkMQ7kNvwFszdop&_nc_gid=rnIfNQPhrGObwnHt1F0KsA&edm=APs17CUBAAAA&ccb=7-5&oh=00_AfKQQUzkv17HVTHZC8uL-2tMZdBLon78Yc5S2ot2FRuX0g&oe=682FA7A9&_nc_sid=10d13b,Multimedia University,Once Upon a Stage,668389676,2025-05-13T08:31:18.000Z,1,"- Title: ""Step into a world of wonder"" - Date: - Time: - Location: -",Step into a world of wonder,,,
"🌸 こんにちは! 🌸 ( ^-^)ノ∠※。.:*:・'°☆

Calling all arts and crafts lovers! Are you in for an evening of fun traditional Japanese activities?

JSC invites you to:
*_☆ Saku Saku Atorie / サクサクアトリエ (^з^)-☆_*

*Date:* 22nd May 2025

*Venue:* Learning Point MMU Cyberjaya

*Time:* 8 pm - 10 pm

Presenting these DIY activities :
👻 *Teru Teru Bozu*
🎏 *Koinobori*
🔖 *Omamori customization*

Bring along your friends to join in on the exciting crafting ! See you there!
 (ゝω・´★) 🎉🎏

#teruterubozu #koinobori #omamori #artandcraft","Photo by Japanese Cultural Society MMU on May 13, 2025. May be an illustration of ‎fish, poster and ‎text that says '‎Teru Teru Bozu O Koinobori م X لى X ま も م Omamori Customization SAKU AK ATORIE サカサクアトリエ 22ND MAY 22NDMAY2025 2025 TIME: TIME:8.00 IME:8.00P.M.10.00P.M 8.00 P.M -10.00 P.M VENUE:LEARNINGPOINT VENUE LEARNING POINT MM CYBERJAYA‎'‎‎.",DJntwVQz5oX,https://instagram.fdet3-1.fna.fbcdn.net/v/t51.2885-15/497322768_18251045716304824_9215226471392676331_n.webp?stp=dst-jpg_e35_p1080x1080_sh0.08_tt6&_nc_ht=instagram.fdet3-1.fna.fbcdn.net&_nc_cat=104&_nc_oc=Q6cZ2QGn1j8vHSxO2M9riHIVdCJF06bKH69qK6XytVdiHwmcSTSqckTTY-3JGwwP4RGDa2Q&_nc_ohc=vsL01QxXskwQ7kNvwH0VkBd&_nc_gid=pGLjYi8FoxADY__RTp4wDw&edm=APs17CUBAAAA&ccb=7-5&oh=00_AfJgpvDzftvq4XSteI11H1Qh-CPIARtxXVqtH3hPGBjHmw&oe=682F963B&_nc_sid=10d13b,,Japanese Cultural Society MMU,,2025-05-14T04:27:26.000Z,1,- Title: 'Arts and Crafts'- Date: 22 May 2025- Time: 8 - 10 pm- Location: Learning Point MMU Cyberjaya,'Arts and Crafts',22-May-25,8,Learning Point MMU Cyberjaya
"Think you’ve got the voice to wow the crowd😻?
Whether you sing like a superstar or just love singing your heart out with friends — the mic is yours😆🎤Join us for Open Mic Karaoke

Date: 16th May 2025
Time: 12PM – 5PM
Venue: FCM Atrium

Bring your vibe, and your best shower-singing energy🔥
Let’s make some noise, MMU🤯

#AS2025XCMC #AS2025 #asamadsaid #fcmmmu #cmcmmu #creativemultimediaclub #mmucyberjaya","Photo by Creative Multimedia Club (CMC) on May 15, 2025. May be an image of ‎microphone, poster and ‎text that says '‎n777 // LMMU হ כרי>> MULTINEDIA Can NULTINEDIAUNIVERSITY 1AH ง 식I정동을 UNIVERSITY NIVERSIT CREATIVE M3 cLuB OpenMic Open enMic Kardoke Friday 16.05.2025 FCM, Atrium 12pm-5pm‎'‎‎.",DJqyNTGxU3v,https://scontent-lga3-3.cdninstagram.com/v/t51.2885-15/496926107_18369728956123518_4043165460574343353_n.jpg?stp=dst-jpg_e35_p1080x1080_sh0.08_tt6&_nc_ht=scontent-lga3-3.cdninstagram.com&_nc_cat=106&_nc_oc=Q6cZ2QGZ1w2r5lv-b3svHDz5J7muoMCot1N6f6BngPCAS20SzPONhXxIBoX7fsswk0JdEcA&_nc_ohc=d9Knu0xODDAQ7kNvwE0TxOC&_nc_gid=g8DrkkQcpJEaf-SobEcnKw&edm=APs17CUBAAAA&ccb=7-5&oh=00_AfL6u74xbIXjbVgL3czr0wc0vQcnsLAaiNJivNf9ic4DOw&oe=682FBE51&_nc_sid=10d13b,,Creative Multimedia Club (CMC),,2025-05-15T09:04:04.000Z,1,- Title = Open Mic Karaoke- Date = 16th May 2025- Time = 12pm - 5pm- Location = FCM Atrium,,,,
"🌱 Join Us for the Eco-Accounting Panel Talk! 🌱
Get ready to explore how sustainability is reshaping the accounting world with insights from industry professionals and experts from ACCA!

🎤 Don’t miss this golden opportunity to learn how ethical financial practices can drive long-term impact whether you’re an aspiring accountant or just curious about the future of finance.

📅 Date: 7 May 2025 (Wednesday)
🕒 Time: 1:45 PM – 4:00 PM
🏢 Location: FOE Classroom (CLCR 3045)
💸 Fee: RM5 (Refundable upon attendance)
🍱 Food is provided

✨ What you’ll gain:
✅ Real-world insights from expert panelists
✅ Knowledge on sustainability in finance
✅ Networking opportunities

Slots are limited, so make sure to secure your spot ASAP!","Photo by Cyberjaya Accounting Club (MMU) on May 05, 2025. May be an image of 8 people, poster, magazine and text that says 'DIA UNIVERSITY ACCA Fireside Chat: Sustainable Accounting SUSTAINABLE ACCOUNTING Featuring α guest speaker from ΡωC. Malaysia Date of Event: May 2025 Time: 1:45 p.m. 4:00 p.m. GA Venue: FOE Classroom (CLCR 3045) Organizer: Cyberjaya Accounting Club (CAC), MMU Engage with Experts Explore Ethical Finance Embrace Sustainable Practices CAC CpintppuAezcuvdingCht TM GROUP'.",DJRO30WRRfn,https://instagram.fmnl17-3.fna.fbcdn.net/v/t51.2885-15/495722249_18346550209155786_4016399566643970159_n.jpg?stp=dst-jpg_e15_fr_s1080x1080_tt6&_nc_ht=instagram.fmnl17-3.fna.fbcdn.net&_nc_cat=106&_nc_oc=Q6cZ2QFoTbt8hCVBZYCJwAjSs0TCFpi-IdLJ4P0ErdkT1dgQVyR6mzWxsuzF7oTGHP8E59I&_nc_ohc=eMzCelucC0oQ7kNvwFpD34Z&_nc_gid=SVI57wc7cqIhi4TmObmX1g&edm=APs17CUBAAAA&ccb=7-5&oh=00_AfIdctbbBRFGPo6l3j8LE367L8ULnX0aP7ebtymVLdewHA&oe=682FB213&_nc_sid=10d13b,,Cyberjaya Accounting Club (MMU),,2025-05-05T10:54:17.000Z,1,- Title: Eco-Accounting Panel Talk!  Date: 7 May 2025- Time: 1:45 PM - 4:00 PM  Location: FOE Classroom (CLCR 3045)  Fee: RM5 (Refundable,Eco,7-May-25,1:45 PM,FOE Classroom (CLCR 3045) Fee: RM5 (Refundable
"Solidity Smart Contract Workshop brought to you by MMU’s IT Society and APUBCC! 🔐💻

​Here’s what you can look forward to:

​✅ Introduction to smart contracts and their real-world applications

​✅ Beginner-friendly hands-on experience with Solidity(primary language for smart contracts)

​✅Increase your understanding of connected technologies such as cryptocurrency.

​✅ Connect and collaborate with blockchain enthusiasts at MMU

​This is the perfect opportunity to build your blockchain skills, get practical coding experience, and explore the future of decentralized technology 🌍!

​𝐃𝐞𝐭𝐚𝐢𝐥𝐬:

​📅 𝐃𝐚𝐭𝐞: 21st April 2025
🕖 𝐓𝐢𝐦𝐞: 7:00 PM – 9:30 PM
📍 𝐕𝐞𝐧𝐮𝐞: Agmo Space, FCM, MMU Cyberjaya

Register now : https://lu.ma/dis31hrl","Photo by IT Society MMU Cyberjaya on April 14, 2025. May be a cartoon of poster and text that says 'DMMU MEDI UNI ERS MD Fremer chInstitution 다블으! Premier PremierDigitel Digital DiGi iT SOLIDITY SMART WORKSHOP 2025 00000 Tan Aik Wei APU Blockchain & Cryptocurrency Club (APUBCC) President 21ST APRIL 2025 Agmo Space 7:00 7:-9:30 PM 9:30 APUBCC strive lead TM GROUP'.",DIc0oMnJmdX,https://instagram.fkch2-1.fna.fbcdn.net/v/t51.2885-15/489339879_18275527765267148_6611530529077263248_n.webp?stp=dst-jpg_e35_s1080x1080_sh0.08_tt6&_nc_ht=instagram.fkch2-1.fna.fbcdn.net&_nc_cat=108&_nc_oc=Q6cZ2QEUOZsqoVDVi_KIsnxXL9pmG2LcUVivByrGYRUPiLVzE0FtqyvVRB_mtEuvdkIfcDg&_nc_ohc=G54swGDLhdIQ7kNvwHOgO_2&_nc_gid=owPXMRGvDFbdB0fzw1JtdQ&edm=APs17CUBAAAA&ccb=7-5&oh=00_AfK5wUr8vyl0pX5Fl9-kzW6SsSJyylxthU75JIup86zDkA&oe=682F99C1&_nc_sid=10d13b,,IT Society MMU Cyberjaya,,2025-04-15T02:24:27.000Z,1,"- Title: Solidity Smart Contract Workshop- Date: 21st April 2025- Time: 7:00 PM – 9:30 PM- Location: Agmo Space, FCM, MMU Cyberjaya",Solidity Smart Contract Workshop,21st April 2025,7:00 PM – 9:30 PM,"Agmo Space, FCM, MMU Cyberjaya"
"Curious how IT drives real business impact?
Wanna learn the real skills that make grads stand out?

Come join us at the IT in BUSINESS: REAL SKILLS FOR REAL IMPACT webinar by UniPin!

Date: 12 May 2025 (Monday)
Time: 4:00 PM – 5:15 PM
Venue: Zoom (Online)
Fee: FREE!

Featuring a talk by:
◆ Ganesh Patmanathan (Deputy CTO, UniPin)
Gain insights from 25+ years of industry experience in digital transformation and IT strategy.

What you’ll learn:
-  How IT transforms business
- Top tech + soft skills for career success
- What hiring managers actually look for

Beginner-friendly, practical, and packed with career value.
Final-year students & fresh grads — this one’s for you!

Register now at: https://forms.office.com/Pages/ResponsePage.aspx?id=z18LfsQS_06WtkZk8l3H2vGEEbMbc-FLgcrqNpLwDcdUNUZWTDExQjRGVzk4SUwyS1dIR0laTURQTi4u&origin=QRCode","Photo by IT Society MMU Cyberjaya on April 30, 2025. May be an image of 2 people and text that says 'UniPin GMMU MULTIMEDIA NULTINEOIAURIVEESITY AUNIVERSIE iT MD PremierCigital IT in Business: Real Skills for Real Impact 12m 4PM PMUNTIL UNTIL S.15PM A Career Toolkit for Graduates and Young IT Professionals What gain: How IT drives business transformation Jumpstart Your Tech JumpstartYour Career The tech 6 soft skills every graduate needs Insider tips on what top employers look for REGISTER NOW SPEAKER Ganesh Patmanathan Deputy TO UniPin "" We drive Innovation that delivers real-world impact and you can too. Carmen Tan Assistant Marketing MлaAer. UniPin wWw Unipin. .com f UnipinMalaysia Unipin © Unipin_ Malaysia Unipin Gaming LEAD IMPACT GLOBALLY. unipingamingmy'.",DJEVU6ZyH6W,https://instagram.fdac33-1.fna.fbcdn.net/v/t51.2885-15/491894909_18277133755267148_8506279520842061605_n.webp?stp=dst-jpg_e35_p1080x1080_sh0.08_tt6&_nc_ht=instagram.fdac33-1.fna.fbcdn.net&_nc_cat=108&_nc_oc=Q6cZ2QFEvjqd_f-PPGceGLhz-KJraW-BY0B90hXXlBZ5VP4oQn_OegVxiY0rBCund_KIi-Y&_nc_ohc=N6vbTzH1x7oQ7kNvwF6QlCB&_nc_gid=yMGssbwCoXAl8iT9uvb3bw&edm=APs17CUBAAAA&ccb=7-5&oh=00_AfKCOTsbibM3HmBhH-lUUy9e9ID1KZB-TNLE3PWABpbC3Q&oe=682FB657&_nc_sid=10d13b,,IT Society MMU Cyberjaya,,2025-04-30T10:40:34.000Z,1,- Title: IT in BUSINESS: REAL SKILLS FOR REAL IMPACT webinar by UniPin- Date: 12 May 2025- Time: 4:00 PM – 5:15 PM- Location: Zoom (Online),IT in BUSINESS: REAL SKILLS FOR REAL IMPACT webinar by,12-May-25,4:00 PM – 5:15 PM,Zoom (Online)
"✨You’re invited!✨ 

🎙️Join us for an exciting and engaging session featuring inspiring guest speakers who’ve turned their dreams into reality. Powered by IQI Global, we are turning this collaboration into an inspiring experience for all the innovators and dreamers for all MMU students!🔥

🎤Event Details🎤

Date 📅 : 30 April 2025
Time 🕰️ : 7:30-10pm 
Venue 📍: FOM Theater, MMU Cyberjaya 

To register: https://www.ticket2u.com.my/event/42892

Don’t miss out and we shall see you there!🤩

“Elevate your pitch, boost your reach!”🌟

#PitchPerfect #LifeAtIQI #MMU #TechGirls","Photo shared by TechGirls Club - MMU on April 24, 2025 tagging @iqiglobal, and @lifeatiqi_. May be an image of 2 people, poster, magazine and text that says 'MULT ULTINSDAAMIDEPSII TM GROUP ။ CIQI め лeиeTb лcиcиHиraHиHи PITCH PERFECT Elevate your pitch, boost your reach! APRIL 30 P PM 7.30 -10 FOM Theater No Fluff, Just Strategies: ContentStrategiesThat Content Strategies That Actually Work! JASMINE YAP DigitalMarketing Manager Juwai Sell Smarter, Not Harder: Real-World Sales Techniques That Work SANDRA TEO Head Ofic Γ Elite Team Global PRICE: FREE! 'cktyorc.fececertetrm'.",DI2sdTcS2LG,https://scontent-yyz1-1.cdninstagram.com/v/t51.2885-15/491512254_17964816824903724_3831583863186932800_n.jpg?stp=dst-jpg_e35_p1080x1080_sh0.08_tt6&_nc_ht=scontent-yyz1-1.cdninstagram.com&_nc_cat=100&_nc_oc=Q6cZ2QHnKhriRtd2TCUIH4_ahRz1RWH_u88kxDcsV8xlmYs64QKKAK7dxLRJxNbXYd3OX5Y&_nc_ohc=8wufP3lybLYQ7kNvwG5_luA&_nc_gid=14HSX0Ef9wjYAQktxXWX4g&edm=APs17CUBAAAA&ccb=7-5&oh=00_AfIY5C9s4uaChSoGUkBa_6Iai1fljX9rjSxi1borAjavqw&oe=682FBB30&_nc_sid=10d13b,,TechGirls Club - MMU,,2025-04-25T03:33:19.000Z,1,"- Title: """"""You're invited!""""- Date: 2025-04-30- Time: 7:30-10pm- Location: FOM Theater, MMU Cyberjaya","""""""You're invited!""""",2025,7:30,"FOM Theater, MMU Cyberjaya"
"🎉 Your Hosts are all set and ready to support your chapter leads! Meet them during our virtual workshops in the Road to Build AI series.

🎯 There might be special activities—so don’t miss out on the fun! 🥳","Photo shared by Google Developer Group On Campus UPM on May 12, 2025 tagging @gdg.mmu, and @gdg.iium. May be a doodle of 5 people, magazine, poster and text that says 'GoogleDeveloperGrou Develaper Group GoogleDeveloper Grous Google Developer Group ทระปูัวเกรืรง Build with withA I atecama Road to BwAI Host Lineup 20 May 2025 စ Bevy BevyLink Link Abdul Malik GDGoC DGoCIIUM IUM Co-Lead Dwight Cutad GDGoC UPM Lead Adam Baharuddin GDGoCMMU MMU Lead Javan Herlambang GDGOC GDGOCUPM UPM Co-Lead Fatihah Abdullah GDGoC Lead Swipe to know more!'.",DJi-pH9ShWA,https://instagram.frao3-1.fna.fbcdn.net/v/t51.2885-15/497752210_18021041627651046_5837795716349522022_n.jpg?stp=dst-jpg_e15_fr_p1080x1080_tt6&_nc_ht=instagram.frao3-1.fna.fbcdn.net&_nc_cat=106&_nc_oc=Q6cZ2QG8EFOObJtZYGUqfXD6NBfraAEDy_-kqS24t1u3V-d6XY3o6qdsWfBMJa-ZyD_E6EEOmphZpKReJfPQcurBeqRd&_nc_ohc=n51uJ4tWKuYQ7kNvwG9tO7K&_nc_gid=IETqv90s5qV4ieU5VUpNEA&edm=APs17CUBAAAA&ccb=7-5&oh=00_AfIn86Biz0IpSV5eFzERSOL0sCZsf3MfnHAapjUZuDYJKg&oe=682F9924&_nc_sid=10d13b,,Google Developer Group On Campus UPM,,2025-05-12T08:18:48.000Z,1,"- Title: ""Your Hosts are all set and ready to support your chapter leads! Meet them during our virtual workshops in the Road to Build AI series.  There might be special activities—so don’t miss out on the fun!""",Your Hosts are all set and ready to support your,,,
"It’s official KBAM is happening!👩🏻‍🎤👨🏻‍🎤
Spend your night with us and vibing together! see you on May 8!! 🤟🏻 #kbam25","Photo by KOREAN CULTURE CLUB (KCC) on April 17, 2025. May be a graphic of one or more people, bangs, poster, magazine and text that says 'MMU MULTIMEDIA DIAUNIYERSI UNIGERSIFY UMIVERSITY ORGANISED ORGANSEDBYKOREANCULTURECLUB BY KOREAN CULTURE CLUB 한국어학회 JAN KCC TIGKET PRICE CLUB MEMBER RM 5 RM MMUCOMMUNITY GENERAL GENERALPUBLIC PUBLIC 2025 aditthie 玻利轻事主 PERFORMANCE PERFORMANCE)BAND.PERFORIM BAND PERFORMANCE KPOPRANDOMPLAYDANCE! KPOP RANDOMPL AYDANCEI'.",DIi29_cyoUi,https://instagram.fbhx4-1.fna.fbcdn.net/v/t51.2885-15/491493332_18502140409015156_8702585496283093742_n.jpg?stp=dst-jpg_e35_p1080x1080_sh0.08_tt6&_nc_ht=instagram.fbhx4-1.fna.fbcdn.net&_nc_cat=104&_nc_oc=Q6cZ2QF4-5qq7SvyYq2AC_Y_9xeASIidENDtA1BDlwHxJWpLiGnk-f1Y7hGtm1uxrL2D-RtIreBOKaJW0Yz6J8gh1qmV&_nc_ohc=5nK50mQxDhAQ7kNvwGavyGQ&_nc_gid=T8V1Scah5zsW5MK-1GUNuw&edm=APs17CUBAAAA&ccb=7-5&oh=00_AfLhwMeKEBA6eP1wu6ZLh7mLJAsEbp_1hj9numxfmjSw9A&oe=682FBD72&_nc_sid=10d13b,,KOREAN CULTURE CLUB (KCC),,2025-04-17T10:40:21.000Z,1,KBAM,,,,
"✨ TechGirls AGM 2025: The Office Siren Soirée ✨

It’s time to pass the torch, spark new connections, and celebrate our community 🎊✨️🔦
Come dressed in your best office siren flair and get ready to mingle, celebrate, and maybe even win a prize or two 💼👠💋
Join us for a wonderful meeting, Let’s make this a night to remember!

🗓 Date: Thursday, 17th April 2025
🕕 Time: 6PM – 8PM
📍 Venue: FOE CLBR1023
💄Refreshments will be provided","Photo by TechGirls Club - MMU on April 10, 2025. May be a graphic of 1 person, magazine, poster and text that says 'MULTIMEDIA UNIVERSITY MMU TECHGIRIS APRIL IT'S HAPPENING! TECH GIRLS AGM YOU HAVE BEEN INVITED To OUR ANNUAL GRAND MEETING! DATE 17 APRIL 2025 ΤИMΕ: PM-8 PM VENUE: FOE CLBR1023 DRESS CODE: OFFICE SIREN SRAnN REFRESHMENTS. ARE PROVIDED. FREE FOR MEMBERS RM 5 FOR NON- NON-MEMBERS SIGN UP NOW SEE YOU THERE!'.",DIS7u4aSKLM,https://instagram.fjnb2-1.fna.fbcdn.net/v/t51.2885-15/489921247_17963365454903724_9178630713965603810_n.webp?stp=dst-jpg_e15_fr_s1080x1080_tt6&_nc_ht=instagram.fjnb2-1.fna.fbcdn.net&_nc_cat=100&_nc_oc=Q6cZ2QEYvvu9q1mhDtMAGeXJRqNdqJAwSjqLaL8dInc-DNHPSu_1WhbP1GySFcqXBXT6pO4&_nc_ohc=vjr5agQWyC4Q7kNvwEKpffk&_nc_gid=zaiV10YQrJt_lbmiiFcZjA&edm=APs17CUBAAAA&ccb=7-5&oh=00_AfIwEH6DvGFSy6JP217iELnZypkjP9DnglN1lRcGEV8pKg&oe=682F91C9&_nc_sid=10d13b,,TechGirls Club - MMU,,2025-04-11T06:14:08.000Z,1,"- Title: ""TechGirls AGM 2025: The Office Siren Soirée""- Date: Thursday, 17 April 2025- Time: 6pm - 8pm- Location: FOE CLBR1023",TechGirls AGM 2025: The Office Siren Soirée,"Thursday, 17 April 2025",6pm,FOE CLBR1023
"AI is changing the future of medicine 💊💊💊 — are you ready to be part of it?

Join us for The Revolution of AI in Medical Research and explore how artificial intelligence is transforming diagnostics, treatment, drug discovery, and more. Hear from leading experts, dive into real case studies, and discover the power of collaboration between tech and healthcare.

🗓️Date: 28 May 2025
⏰Time: 10:00 AM – 12:00 PM
📍Venue: Ideas Lab, FAIE, MMU Cyberjaya

Let’s bridge the gap between innovation and impact. Don’t miss out!

#AIinMedicine #IEEE #MMUevents #HealthcareInnovation #MedicalResearch #StudentEvent #TechMeetsMedicine","Photo by IEEE MMU SB on May 14, 2025. May be an image of 3 people, poster, magazine and text that says 'MMU MULTIMEDIA MULTIMEDIAUNIVERSITY UNIVERSITY THE REVOLUTION OF AI IN MEDICAL RESEARCH IEEE MMUS TUDENT GRANCH PROF.AZNUL PROF. AZNUL SABRI IR PROF. DR MOHAMMAD FAIZAL DR MUNIRAH 28TH MAY 2025, 10.00AM TO 12.00PM, IDEAS LAB, FAIE, MMU'.",DJot1X3To9X,https://instagram.fnbe1-2.fna.fbcdn.net/v/t51.2885-15/497441394_18307514761240401_4782283724932277096_n.jpg?stp=dst-jpg_e15_fr_p1080x1080_tt6&_nc_ht=instagram.fnbe1-2.fna.fbcdn.net&_nc_cat=109&_nc_oc=Q6cZ2QHYFfs7A-1q6DDJMZpI5TafF3F8yelKHJh1ynOlPPvLWYmp2gEdUdm1wlr_iiSKwn6RvGob50yVjzdUu9q0qWIM&_nc_ohc=L7uwubbyUrAQ7kNvwHtb6Ke&_nc_gid=12B1566Rj1ac6mSJU_ZMBg&edm=APs17CUBAAAA&ccb=7-5&oh=00_AfLhjz19YYsCcZcwpVoIIkxDdNRMRHkaFT2BZoGuyHZRFw&oe=682FB944&_nc_sid=10d13b,,IEEE MMU SB,,2025-05-14T13:47:22.000Z,1,"- Title: The Revolution of AI in Medical Research- Date: 28 May 2025- Time: 10:00 AM – 12:00 PM- Location: Ideas Lab, FAIE, MMU Cyberjaya",The Revolution of AI in Medical Research,28-May-25,10:00 AM – 12:00 PM,"Ideas Lab, FAIE, MMU Cyberjaya"
"📲 Ready to join the LTSpice Workshop? Don’t miss the chance to enhance your circuit design skills with hands-on experience! Whether you’re a beginner or a seasoned electronics enthusiast, this workshop is your gateway to mastering simulation techniques.

✨ Scan the QR Code to Register Now!
Secure your spot and be part of a learning experience that will elevate your understanding of circuit analysis and design. Spaces are limited—act fast!","Photo by MMU Cyberjaya International Students Society on May 12, 2025. May be an image of magazine, crossword puzzle and text that says '' MULTIMEDIA MULTIMEDIAU UNIVERSITY ISS KANSNY SCAN HERE TO REGISTER NOW! TM GROUP'.",DJi-vQwypKl,https://instagram.fpos6-2.fna.fbcdn.net/v/t51.2885-15/497163640_17986392353815031_3099195254544348730_n.jpg?stp=dst-jpg_e35_p1080x1080_sh0.08_tt6&_nc_ht=instagram.fpos6-2.fna.fbcdn.net&_nc_cat=111&_nc_oc=Q6cZ2QFQouP1vwxnpcNK49KnjKNjrDXwqG6wburMM2cUY-ci8F3-QmZmFe9lS3AzYmtXwR4&_nc_ohc=I-w9kEBZPdkQ7kNvwHWv9es&_nc_gid=LjG4NM1_yf1Z9x3WPm85sQ&edm=APs17CUBAAAA&ccb=7-5&oh=00_AfLBigpU2Ax08E20_BX1Xy_CWh40QpQbIb3TDusEFHyxog&oe=682F95A4&_nc_sid=10d13b,,MMU Cyberjaya International Students Society,,2025-05-12T08:19:38.000Z,1,- Title: LTSpice Workshop - Date: - Time: - Location: -,LTSpice Workshop,,,
"📢📣 Don’t miss this Technical Talk by Prof. Emeritus Dr. Tharek Abd Rahman (FAIE Adjunct Professor):
“5G Technology Towards Implementation in Malaysia” 🇲🇾

🗓️ Date: 14th May 2025 (Wednesday)
🕤 Time: 9:30 AM – 11:30 AM (Refreshments provided after the session)
📍 Venue: NMES Lab, FAIE, Multimedia University (MMU), Cyberjaya
🎟️ Admission is FREE
🔗 Register by 11:59PM, 11th May 2025

📱 Talk Overview:
In Part 1, discover the evolution of mobile networks from 1G to 5G, with a deep dive into spectrum usage, architecture, and the game-changing benefits 5G offers across industries—like ultra-low latency and massive connectivity.

In Part 2, learn about the key initiatives accelerating 5G deployment in Malaysia. From tackling infrastructure and cost challenges to fostering digital inclusion, this talk highlights how public-private partnerships are shaping Malaysia’s digital future.

🎤 About the Speaker:
Prof. Tharek is a pioneer in wireless communications with over 500 published papers. He’s a Fellow of the Academy of Sciences Malaysia (FASc), MCMC Advisor, and played a major role in 3G and 5G development locally and internationally, including collaborations with Japan’s 5G MF and Korea’s 5G Forum.

#MMU #FAIE #IEEE #5GMalaysia #TechnicalTalk #WirelessTech #CyberjayaEvents #TelecomFuture #EngineeringTalk #FreeEvent #DigitalMalaysia","Photo by IEEE MMU SB on May 07, 2025. May be an image of 1 person, magazine, poster and text that says 'MMU MULTIMEDI UNIVERSITY FACULTYO ARTIFICIAL INTELLIGENCE AND ENGINEERING (FAIE) IEEE LLLVr,Rrdaxs/TB.MStaia ComSoc .わ.き. CWT Center Wireless Techmology IEEE MMU STUDENT BRANCH Technical Talk: 5G TECHNOLOGY TOWARDS IMPLEMENTATION IN MALAYSIA Prof. Emeritus Dr. Tharek Abd Rahman (FAIE Adjunct Professor) DATE: 14TH MAY 2025 TIME: 9:30 11:00AM VENUE: NMES LAB, FAIE, MMu, CYBERJAYA REGISTRATION HTTPS://BIT.LY/4JYW2SD'.",DJWNLAPzAuA,https://instagram.fpat2-2.fna.fbcdn.net/v/t51.2885-15/496011130_18306693427240401_7702792699535436890_n.jpg?stp=dst-jpg_e15_fr_s1080x1080_tt6&_nc_ht=instagram.fpat2-2.fna.fbcdn.net&_nc_cat=109&_nc_oc=Q6cZ2QG6lpFuJzFcm4m8eCOMyDCKuNz4tPKjhdVd7BSUIM7omao07n3lIMYqLXF0c_3AxF4&_nc_ohc=9b3e7LvVEa8Q7kNvwFLX7JT&_nc_gid=fTevSr2yNXfQUBz5KIQSZg&edm=APs17CUBAAAA&ccb=7-5&oh=00_AfK3FkP1pQQ1lebeVk5GY_xs6CquhNYinLux8iTnzRZ1iA&oe=682FB413&_nc_sid=10d13b,,IEEE MMU SB,,2025-05-07T09:15:38.000Z,1,"- Title: 5G Technology Towards Implementation in Malaysia- Date: 14th May 2025- Time: 9:30 AM – 11:30 AM- Location: NMES Lab, FAIE, Multimedia University (MMU), Cyberjaya",5G Technology Towards Implementation in Malaysia,14th May 2025,9:30 AM – 11:30 AM,"NMES Lab, FAIE, Multimedia University (MMU), Cyberjaya"
