caption,is_event,Predicted
"ğŸŒ¿|OARS Committee Line-Up 25/26|ğŸŒ¿

#PowerTo TheOARS

#BornToBeTough

#TrainedToBeRough",0,0
"ğŸ”¥ New Diamond Sponsor: Public BankğŸ”¥

ğŸŒŸ BIG NEWS! ğŸŒŸ
We're thrilled to announce that we have a NEW Diamond Sponsor joining us for UniCup! ğŸ’âœ¨A massive thank you to PUBLIC BANK for your incredible support, your generosity is helping us make this event more spectacular for the first UniCup.

ğŸ“ Join us live at MMU Esports Club official Twitch/YouTube and cheer for your favorite teams!

ğŸ Exciting prizes, giveaways, and unforgettable moments await!

Evevnt Details:
ğŸ“… Date:19 April 2025 (Online) & 24 April 2025 (Physical)
ğŸ’µ Entry Fee: RM 5 per pax (Rm25/30 depending team size)
ğŸ“ Venue: UniCup Discord Server & MMU Learning Point
#mobilelegends #mlbbtournament

For more inquiries:
Adzim - 011-6301 9194
Aiden - 012-639 7909",1,0
"ğŸš€ Calling all sponsors for Build with AI UPM 2025!
Be part of a movement that will help shape the AI leaders of tomorrow. 

ğŸ’¼ Choose from our sponsorship packages:
ğŸ¥‰ Bronze
ğŸ¥ˆ Silver
ğŸ’ Diamond

ğŸ¤© Get Involved Today!
Secure your spot as a Build with AI UPM 2025 sponsor. For more information you can contact us in our Gmail:
ğŸ“§ buildwithai.upm@gmail.com

#BuildWithAI2025 #GDGUPM #GDGMMU #AI #Google",0,1
"âš¡ğŸ¸IU Badminton ğŸ¸ âš¡

Assalamualaikum and greetings, everyone! Institusi Usrah is back with an exciting and energetic activity â€” IU Badminton! Take a well-deserved break from your studies and join us for a fun-filled badminton session. Itâ€™s the perfect way to relax, have fun and bond with others! ğŸ¤©

Program Details
Date: Saturday, 10 May
Location: FCM

Donâ€™t forget to bring your friends along! We canâ€™t wait to seeÂ youÂ there!Â ğŸ˜†

#WeShareBecauseWeCare 
#UpholdingTheFamilyHood 
#IUCyber",1,1
"ğŸ…ğŸ† Selangor Indoor Rowing Championship 2024 ğŸ†ğŸ…

What an incredible experience at Padang Laman Seni Safari in Klang! Congrats to @rouyeun_165 on becoming the champion in the U23 Girls Open 500m and 2000m categories. Your hardwork and dedication have paid off, and we're incredibly proud of your achievement! ğŸ’ªğŸ”¥
#IndoorRowing #Championships #WatersportsClub #SelangorRowing #Klang2024",0,0
"Elevate Your Accounting Career with MICPA x CA ANZ.



Ready to take the next big step in your accounting journey? Join us for an exclusive Information Session Webinar and discover how The MICPA x CA ANZ Qualifying Programme can transform your future.

In this session, you'll:

Explore the structure and benefits of our programme
Understand the application process and available support
Discover how this programme can unlock global opportunities


Multiple sessions available.



Please register here: https://micpacaanz.com/information-session-form/",0,1
"ğŸ•Œ *MUTTAQIN CAMP* ğŸ•Œ

Penat dengan rutin harian yang sama ? Ingin memanfaatkan hujung minggu anda? Jom sertai kami di *Muttaqin Camp*, sebuah retreat selama tiga hari di Melaka, di mana anda dapat berkenalan dengan rakan baharu serta mencipta memori yang tidak dapat dilupakan!

Hayati ceramah-ceramah penuh ilmu dari penceramah yang dijemput bagi mengukuhkan lagi kefahaman anda dalam prinsip utama Islam.

Bukan itu sahajaâ€” terdapat aktiviti menarik yang disediakan setelah selesai setiap sesi supaya pengalaman anda kekal seronok !

ğŸ“† *Tarikh:* 25 â€“ 27 April 2025
ğŸ•Œ *Tempat:* Maahad Ar-Rahmah, Ayer Molek, Melaka
ğŸ’° *Yuran:* RM 20 (Ahli IU) | RM 25 (Bukan Ahli IU)

Makanan dan pengangkutan disediakan sepenuhnya! ğŸšğŸ½ï¸

ğŸ”— Daftar sekarang di: https://shorturl.at/Kz7qq",1,0
"To ensure everyones safety, we need to limit the stuff u bring inside the venueğŸ™ğŸ» keep it clean, keep it cool guysğŸ˜œ. SEE U THEREE!
#kbam25 #kcccyber #mmucyberjaya",0,0
"ç¬¬äºŒåå…«å±Šä¼šå‘˜ç¦åˆ©ä¸Šçº¿ï¼
 
ä½ ä»¥ä¸ºä¸€å¼ ä¼šå‘˜å¡åªèƒ½æ”¶ç€ï¼Ÿä¸ï¼Œå®ƒèƒ½å¸®ä½ çœé’±ï¼

æ²¡é”™ï¼åªè¦ä½ æ˜¯2024/2025å¹´åº¦å¤šåª’ä½“å¤§å­¦ï¼ˆèµ›åŸï¼‰åæ–‡å­¦ä¼šä¼šå‘˜ï¼Œä½ æ‰‹ä¸Šçš„é‚£å¼ ä¼šå‘˜å¡ï¼Œç°åœ¨æ­£å¼å˜èº«æˆâ€œéšè—ç‰ˆæŠ˜æ‰£ç¥å™¨â€ï¼

åˆ°æŒ‡å®šåº—å®¶æ¶ˆè´¹æ—¶ï¼Œåªéœ€â€”â€” 
1. å¸¦ç€ä½ è‡ªå·± 
2. å¸¦ç€ä½ çš„ä¼šå‘˜å¡ 
3. å¸¦ç€æƒ³çœé’±çš„å°å¿ƒå¿ƒ 
å‡ºç¤ºä¼šå‘˜å¡ï¼Œä¼˜æƒ ç«‹é©¬é€ä¸Šï¼

ä»åƒçš„å–çš„ç”¨çš„é€šé€šæœ‰ï¼Œä¼˜æƒ ä¸å«Œå¤šï¼ 
ç¦åˆ©æœ‰æ•ˆæœŸé™ï¼š14/4/2025 - 8/3/2026

è¿˜ç­‰ä»€ä¹ˆï¼Ÿä¸€å¼ å¡åœ¨æ‰‹ï¼Œå¥½åº·å…¨éƒ½æœ‰ï¼ 
æƒ³çŸ¥é“æ›´å¤šåº—å®¶è¯¦æƒ…ï¼Ÿæµ·æŠ¥è¯·ä½ çœ‹ä¸Šé¢ï¼

å¦‚æœ‰ä»»ä½•ç–‘é—®ï¼Œè¯·è”ç³»ï¼š
é¾šç›è” 011-60798623

Your CLSC Membership Just Got a Power-Up! 

Your card isnâ€™t just for looks â€” it saves you money now!

Yes, you read that right! If you're a 2024/2025 member of the Chinese Language Society Multimedia University (Cyberjaya), your humble little membership card is now a discount weapon!

When you visit our partnered stores, just: 
1. Bring yourself 
2. Bring your card 
3. Bring that â€œletâ€™s save some moneyâ€ energy 
Flash your card and enjoy the perks like a pro!

Food, drinks, daily essentials â€” weâ€™ve got it all! 
Benefit Validity: 14th April 2025 - 8th March 2026

So donâ€™t leave your card gathering dust in your wallet. Use it, love it, and get rewarded! 
Curious about the deals? Check out the posters and stay tuned !

If any inquiries, please contact:
Keng Jing Li 011-60798623",0,1
"ğŸ’«Presenting Salam Circle ğŸ’«

A collaboration program between Marhaban Ahlan and Kalam Jannati is now making a comeback! ğŸ¥³

This program is designed to welcome new members to the Institusi Usrah Club while offering a fun and enjoyable sharing session! ğŸ˜†

ğŸ—“ Date: 29 April & 6 May 2025 (Tuesday)
ğŸ•” Time: 7:00 PM â€“ 9:00 PM
ğŸ•Œ Venue: Prayer Room HB2 (muslimin) & HB3 (muslimat)

Open to all MMU students! âœ¨
See you there!ğŸ˜‰

#WeShareBecauseWeCare 
#UpholdingTheFamilyHood 
#IUCyber",1,1
"ğŸŒŸNew lineup for Netbees Highcomms 24/25ğŸŒŸ

Say hello to our new lineup for the Executives - the visionary leaders at the helm of Netbees, guiding the direction, driving the mission, and shaping the path forward. ğŸ›ï¸âœ¨

ğŸ NUR AMIRA DAYANA (PRESIDENT)
ğŸ FARAH ALYA (VICE PRESIDENT)
ğŸ TIVAASHENY (SECRETARY)
ğŸ SHAIZATUL PUTERI FAZARINA (TREASURER)

Together, theyâ€™re set to bring fresh energy, dedication, and teamwork to the table â€” driving Netbees forward and making this term one to remember. Letâ€™s give them our full support as they begin their journey! ğŸğŸ’›âœ¨",0,0
"Behind every great event is a great team! ğŸŒŸ Meet the faces that make it all happen at WATERSPORTS Club. With passion, dedication, and a love for water sports, our committee is here to keep the momentum going!ğŸ’¦

President: Loh Kuan Qian
Vice President: Tee Xin Qing
Secretary: Diviyah a/p Saravanan

#watersports #mmudragonboat #mmudragonboatteam #watersportsclub",0,0
"Selamat Hari Raya !ğŸŒ™âœ¨May your raya be as sweet as dodol and as bright as pelita!

#Eidmubarak #cmcmmu #fcmmmu",0,0
"ğŸŒ± 1 Tree 1 Life
 A youth-led tree planting movement under Rakan Bumi, championing environmental sustainability one tree at a time. ğŸŒâœ¨
 Organized by the Sekretariat Rakan Muda MMU Cyberjaya, weâ€™re calling on YOU to help us make this green dream a reality! ğŸ’šğŸŒ³
ğŸ“² Scan & donate to support our mission â€” every contribution plants hope for a better tomorrow.
 Letâ€™s grow a greener future, together. ğŸŒ¿
#YakinBoleh #RakanBumi #BeliaTerusMaju #SekretariatRakanMudaMMUCyberjaya",0,0
"ğŸŒŠâœ¨OASIS OUTREACH: OPEN INTERVIEW!ğŸŒŸ 

Aloha, Island Explorers! ğŸï¸

Open Interview is now riding the wave â€” dive in and show your potential!ğŸ”¥ğŸ¤©

Weâ€™re looking for passionate individuals to join our team for an exciting community program at âœ¨a secret islandâœ¨!

What do we have?
- Handling activities with island school students ğŸ¤—
- Engaging with local people in the island ğŸ˜ï¸
- Leisure activities with committees! ğŸ¤¿

Apply now to build a better community! Who knows..if we can snorkeling together? ğŸ‘€

ğŸ“Œ Register through the link in our bio or scan the qr code now by 9 May, 6PM to secure your spot! ğŸ«µğŸ»ğŸŒŸ",1,0
"Half time score.

#kronosmalaysia
#insportswetrust
#sportsparagon
#kronosxMMUFC",0,0
"ğŸŒ Dive into the enchanting world of Japanese traditions with us at the Japanese Culture Society! ğŸ®âœ¨

Join us at our booth during Club and Society Registration Week on

Date: 16 - 17 April 2024
Time: 10 am - 4 pm
Venue: Central Plaza
Membership Fees: RM10 (Lifetime)
Registration Link: Scan above

ğŸµğŸ‘˜ Don't miss out â€“ sign up and immerse yourself in the beauty of Japan! ğŸŒŸ",1,1
"Happy Labour Day!âœ¨

Today, we honor the dignity of work and the hands that build our world. May Allah bless all workers with strength, fairness, and barakah.ğŸ¤²

#WeShareBecauseWeCare 
#UpholdingTheFamilyHood 
#IUCyber
#labourday",0,0
"Meet the Creative Team behind the scenes! Weâ€™re ready to bring stories to life and make this term unforgettable. Stay tuned, big things are coming your way! ğŸ¨ğŸ“¸

#writeyourownstorywithcommsoc
#yourstorybeginshere
#commsoc",0,0
"ğŸ•¹ï¸ğŸ˜‰GDC Event TeaserğŸ˜®ğŸ®

Hello everyone, we have a very special event coming up in May that we're sure that you will enjoy. Keep your eyes peeled for tomorrowğŸ‘€",0,0
"Meet the powerhouse behind the beats! ğŸ“» Our vibrant committeeâœ¨ is ready to bring the rhythm to your life.ğŸ¶ Get ready to groove with us!â¤â€ğŸ”¥

ğŸ™DeejayClubğŸ§",0,0
"Hold up âœ‹this isnâ€™t just for u to see and scroll away just think about the possibilities that cmc 2025 could bring to the MMU. 

Hereâ€™s what our fellow creatives had to say â¬†ï¸ 

#cmcreconnect 
#sneakpeak 
#cmcmmucyber",1,0
"OARS Buddy Boost is Back! ğŸ’
Bring a friend, boost the fun, and earn rewards! ğŸğŸŒ¿

Hereâ€™s how:

- Must be an active OARS member 
- â Bring your OARS ID 
- â Invite a non-OARS friend to join during CSRW! ğŸ§‘â€ğŸ¤â€ğŸ§‘

Perks just for you:

1. Less than 5 invites = 10% OFF for events 
2. â 5 or more invites = 10% OFF for events + FREE towel 

The more friends you bring, the wilder the rewards!
Letâ€™s grow our OARS fam together this CSRW weekğŸŒ´

So swing by the jungle and bring your troop , the wild awaits!ğŸ”¥",0,0
"Want to stand out in the job market? Unsure how to craft the perfect CV?ğŸ“„âœ¨ Join our CV Workshop and learn how to create a professional, well-structured CV that grabs recruiters' attention. This workshop will be conducted in collaboration with BDO Malaysia, where industry professionals will share expert insights on CV writing, what employers look for and how to make your application stand out.

Whatâ€™s in Store? ğŸŒŸ 

ğŸ“ Understanding CV Components
âŒ Dos & Don'ts of CV Writing
ğŸ” Live CV Reviews

ğŸ“† Date: 9 April 2025 (Wednesday)
ğŸ•  Time: 3:00 PM â€“ 5:00 PM
ğŸ’» Venue: Microsoft Teams (Online)
ğŸ¤ Speakers: Industry professionals from BDO
ğŸ’µ Participation Fee: FREE

ğŸ’¡ Bonus: The Top 3 Best CVs will receive exclusive rewards! ğŸ†

Donâ€™t miss this opportunity to refine your CV and boost your career prospects. Register now and take the first step toward your dream job! ğŸš€",1,1
"At last, Ramadan is finally here ! ğŸŒ™âœ¨ Ramadan is a time of reflection, self-discipline, and strengthening our connection with Allah. Itâ€™s a month of trials, where we challenge our nafs and purify our hearts through patience, prayer, and good deeds. Let's make use of this holy month to become the better version of ourselves. ğŸ¤

ÙŠÙØ§ Ø§ÙÙ”ÙŠÙÙ‘Ù‡ÙØ§ Ø§Ù„ÙÙ‘Ø°ÙÙŠÙ†Ù Ø§Ù“Ù…ÙÙ†ÙÙˆØ§ ÙƒÙØªÙØ¨Ù Ø¹ÙÙ„ÙÙŠÙ’ÙƒÙÙ…Ù Ø§Ù„ØµÙÙ‘ÙŠÙØ§Ù…Ù ÙƒÙÙ…ÙØ§ ÙƒÙØªÙØ¨Ù Ø¹ÙÙ„ÙÙ‰ Ø§Ù„ÙÙ‘Ø°ÙÙŠÙ†Ù Ù…ÙÙ† Ù‚ÙØ¨Ù’Ù„ÙÙƒÙÙ…Ù’ Ù„ÙØ¹ÙÙ„ÙÙ‘ÙƒÙÙ…Ù’ ØªÙØªÙÙ‘Ù‚ÙÙˆÙ†Ù

â€œO you who have believed, fasting has been prescribed upon you as it was prescribed upon those before you that you may attain taqwa (piety).â€ (Surah Al-Baqarah 2:183)

May this Ramadan bring us closer to Allah and fill our lives with endless blessings. ğŸ’–
Salam Ramadan Kareem.",0,0
"Ever reached new heights or conquered the summit ğŸ—»? As the first event from OARS in 2024, join us for an Introduction To Wall Climbing at Putrajaya Challenge Park ğŸ¤©!

Worry no more as we have qualified instructors for you to learn from the basics about wall climbing and even guide every step of yours, making everyone a climber!

ğŸ—“ï¸ 21st January 2024
ğŸ•° 9:00am â€“ 6:00pm
ğŸ“ Putrajaya Challenge Park
ğŸ’² Price: RM20 (members), RM25 (non-members)

ğŸ”— Register by clicking the link in bio or scan our qr code:
*please use your personal email to register

Whatâ€™s included:
ğŸ“Œ Climbing Gears
ğŸ“Œ Breakfast and Lunch
ğŸ“Œ Transportation
ğŸ“Œ Permit

â€¼ï¸Seats are limited
â€¼ï¸Seats are based on first pay first serve
â€¼ï¸Stricly no refunds

For more details, please contact:
+60 16-702 5232 (Fahmi)
+60 11-6136 6364 (Ulfa)

#OARSClimbing #WallClimbing #PowerToTheOars #BornToBeTough #TrainedToBeRough #PutrajayaChallengePark",1,1
"ğŸŒ¸Attention Movie Night attendees!ğŸŒ¸

We're unfortunate to announce a change in our movie selection. Your understanding is appreciated, and we hope you enjoy the updated movie choiceğŸŒ¸

Immerse yourselves in the magic of Japanese animation with JCSâ€™s Movie Night!ğŸ‡¯ğŸ‡µğŸ¬ğŸ¿

The free movie screenings are as follows:

Movie 1
Violet Evergarden: Eternity and the Auto Memory Doll ğŸƒ
ãƒ´ã‚¡ã‚¤ã‚ªãƒ¬ãƒƒãƒˆãƒ»ã‚¨ãƒ´ã‚¡ãƒ¼ã‚¬ãƒ¼ãƒ‡ãƒ³ å¤–ä¼ æ°¸é ã¨è‡ªå‹•æ‰‹è¨˜äººå½¢

Movie 2
The Wind Rises â˜ï¸
é¢¨ç«‹ã¡ã¬

ğŸ Venue: CNMX1005
ğŸ“…Date: 17th January
ğŸ•£Time: 7:00 p.m. - 10p.m.

Entry is free, so be sure to invite your friends for an excellent night of Japanese Cinema!âœ¨
ã‚‚ã—èˆˆå‘³ã‚ã‚‹ãªã‚‰ æ˜¯éå‚åŠ ã—ã¦ãã ã•ã„!!",1,1
"âš  ğŸŠğŸ»â€â™‚ï¸ANNOUNCEMENT ON MMU CYBERJAYA Swimming Club Membership Card!

To members registered between (June 2022- May 2023)
You are advised to collect your member cards during our upcoming session!

Collection date: 23rd May 2023
Time: 8 pm-10 pm
Venue: MMU Swimming Complex
*Collection should be done by cardholder themselves*

ğŸ”ºThe purpose of the member card is to allow access to the pool during Swimming Club's member session which will be on every _Tuesday 8 pm-10 pm_ , the card holders are authorized to join any MMU Swimming Club events with benefits!

ğŸ“¢ It will be COMPULSORY for you to bring your membership card during each swimming session.

The Swimming Club has the rights and authority to remove any irrelevant parties to the pool during the session.

Thank You",0,0
"SWAG DROP GOING FERAL ğŸ§¢ğŸ’¿âš¡ï¸â€“ UPM AI KITS LIVE RN

ğŸš¨ Swag Kit Reveal Alert! ğŸš¨
Get your exclusive Build with AI UPM swag kit now! ğŸ§¢âœ¨
ğŸ‰ Early bird open until May 13 â€” limited stock only!
ğŸ“¦ Scan the QR code to order before itâ€™s gone!

#BuildWithAI2025 #GDGUPM #GDGMMU #AI #Google",0,1
"[10S FRIENDLY MATCH]

Get ready for the clash! Catch all the actionâ€”Rugby game kicks off at 3:45pm ! Donâ€™t miss it!

RUN | BLEED | LIVE

#mmuhornbillsreds #mmucyberjaya",1,1
"2024 year was an incredible year which packed with thrilling adventures and achievements for our club.

We kicked off with the Mini Penang Dragonboat Race, showcasing teamwork and determination. Our hiking trip brought us closer to nature and each other, while the Melaka and Putrajaya Dragonboat Races highlighted our competitive spirit. At the Penang International Dragonboat Race, we proudly represented our club on an international stage. We also excelled in the Terengganu and Penang Indoor Rowing Races, pushing our limits on and off the water.

Beyond water sports, we completed the Seremban Half Marathon, celebrating endurance and unity.

Finally, we marked our clubâ€™s 15th Anniversary Dinner with joy and gratitude, reflecting on a year of camaraderie and growth.

Here's to more milestones ahead! ğŸ²ğŸ”¥",0,0
"An evening of reflection, appreciation, and renewed purpose.

To the outgoing team: thank you for your service.
To the incoming team: wishing you all the best as you lead with heart and courage.

Together, we work towards a stronger community. ğŸ’ªğŸ¼

#AGMHighlights #mmusuperheroes #mmucyberjaya #agm #2025",0,0
"ğŸ¼Our first event of 2025! Join us for the SHSO 2025 Annual Grand Meeting ğŸ‰ğŸ¶

ğŸ“… Date: 7th January 2025
ğŸ•— Time: 8:00 PM - 10:00 PM
ğŸ“ Venue: FOM Theatre

âœ¨ What's going to happen?

- Introduction of the 24/25 HiComm Term
- A sneak peek at our grand masterplan for an upcoming SHSO event ğŸ¤«ğŸª„
- Complimentary Refreshments

Expect laughs, bonding with new & old members, and create new memories and friends! Donâ€™t miss out! ğŸ˜‰

ğŸ‘‰ RSVP here - https://forms.gle/UsfTwoZX41zWFbhX7

See youÂ there SHSO!Â ğŸ¶ bibidi bobidi boo ğŸ’«ğŸ’«

#mmu #mmumalaysia #concert #orchestra #multimediauniversitycyberjaya #multimediauniversity #shsommu #music #orchestraconcert #musiclovers #livemusic #orchestralovers #creativearts #universityevents #cyberjaya #keepingupwiththetrend #shsoontop #orchestramusic #instapost 

Are you going to join? ğŸ¤©",1,1
"We extend our heartfelt thanks to everyone who joined the event and the committee who worked behind-the-scenes! â¤ï¸ Your support and enthusiasm turned the event into a truly magical experience âœ¨ï¸ğŸ¶

ğŸ¼ This event, jointly organized by Student Lifestyle & Experience (STyLE) @style_mmu and the Siti Hasmah Symphony Orchestra, was not just a celebration of music but also of unity and cultural pride ğŸ¶ 

#mmu #mmumalaysia #shsommu #orchestra #concert #orchestraconcert #malaysia #multimediauniversity #music #musicalinstrument",0,0
"Hey talented people! ğŸŒŸâœ¨

We know you have some questions regarding individuals & third party nominations & weâ€™ve got answers. Watch this FAQ to clear up all the confusion! ğŸ“

âœ¨ Still have questions? Donâ€™t hesitate to reach out to Rafiqi! 

ğŸ“ Rafiqi â€“ 013 399 9400 (HOD Communications & Operations)

#FAQ #MMUAwards2024 #NominateNow",0,0
"ğŸ“¸ Recap | Varsity Swimming Championship 2025 ğŸŠâ€â™€ï¸ğŸ”¥
A weekend full of speed, spirit, and sportsmanship at TAR UMT! From thrilling races to proud podium moments, our MMU swimmers gave it their all.",0,0
"âœ¨ğŸŒ¸ å¤§å®æ£®èŠ‚å¿«ä¹! ğŸŒ¸âœ¨

å¤§å®æ£®èŠ‚æ˜¯ä¸€ä¸ªè±¡å¾ä¿¡ä»°ã€å¥‰çŒ®ä¸ç²¾ç¥å‡åçš„èŠ‚æ—¥ã€‚æ¯ä¸€å¹´ï¼Œæˆ‘ä»¬éƒ½ä¼šçœ‹åˆ°è™”è¯šçš„ä¿¡å¾’æ€€ç€æ„Ÿæ©ä¹‹å¿ƒï¼Œé€šè¿‡ç¥ˆç¦ã€æ¸¸è¡Œä»¥åŠå„ç§ä¼ ç»Ÿä»ªå¼æ¥è¡¨è¾¾å¯¹ç¥æ˜çš„æ•¬æ„ã€‚åœ¨è¿™ä¸ªç‰¹åˆ«çš„æ—¥å­é‡Œï¼Œæˆ‘ä»¬ä¸ä»…è§è¯äº†å®—æ•™çš„åŠ›é‡ï¼Œä¹Ÿæ„Ÿå—åˆ°æ–‡åŒ–å¤šæ ·æ€§æ‰€å¸¦æ¥çš„ç¾å¥½ä¸å’Œè°ã€‚

è®©æˆ‘ä»¬ä¸€åŒåº†ç¥å¤§å®æ£®èŠ‚ï¼Œå°Šé‡ä¸æ¬£èµå½¼æ­¤çš„æ–‡åŒ–ï¼Œä¼ é€’çˆ±ä¸å¸Œæœ›ã€‚å¤šåª’ä½“å¤§å­¦ï¼ˆèµ›åŸï¼‰åæ–‡å­¦ä¼šæ„¿å¤§å®¶åœ¨è¿™å……æ»¡ç¥ç¦çš„æ—¶èŠ‚ä¸­æ”¶è·å¹³å®‰ã€å¥åº·ä¸å¹¸ç¦ï¼Œå¿ƒæƒ³äº‹æˆï¼

âœ¨ğŸŒ¸ Happy Thaipusam! ğŸŒ¸âœ¨

Thaipusam is a festival that symbolizes devotion, faith, and spiritual renewal. Every year, we witness devoted worshippers offering prayers, participating in processions, and performing rituals to express gratitude to the deities. This sacred celebration not only highlights the power of faith but also showcases the beauty of cultural diversity and unity.

Let us come together to celebrate Thaipusam with respect and appreciation for one anotherâ€˜s traditions, spreading love and positivity. Chinese Language Society Multimedia University (Cyberjaya) wishing everyone peace, good health, and happiness this festive season!",0,0
"ğŸ’ªğŸ» Redline Simulation Training Mode: ON!

Building strength, endurance, and teamwork for the next race. ğŸ”¥",0,0
"The wait is over!
Weâ€™re thrilled to announce the official results for the REX Recruitment 2025. A huge thank you to everyone who stepped up and showed their passion, energy, and ideas.

Congratulations to our new REX members !!! your journey starts now! Letâ€™s redefine excellence, together.",0,0
"The game ended in defeat.

#kronosmalaysia
#insportswetrust
#sportsparagon
#kronosxMMUFC",0,0
"âœ¨ ğğ§ğœğ ğ”ğ©ğ¨ğ§ ğ€ ğ’ğ­ğšğ ğ: ğ–ğ¡ğğ«ğ ğƒğ«ğğšğ¦ğ¬ ğ‚ğ¨ğ¦ğ ğ“ğ«ğ®ğ âœ¨

Get ready to embrace the magic with us! ğŸŒŸ

ğŸ“… Date: ğŸ­ğ˜€ğ˜ ğ—ğ˜‚ğ—»ğ—² ğŸ®ğŸ¬ğŸ®ğŸ± (ğ—¦ğ˜‚ğ—»ğ—±ğ—®ğ˜†)
ğŸ•– Time: ğŸ³:ğŸ¯ğŸ¬ ğ—£ğ—  â€“ ğŸ­ğŸ­:ğŸ¬ğŸ¬ ğ—£ğ— 
ğŸ“ Venue: ğ——ğ—²ğ˜„ğ—®ğ—» ğ—§ğ˜‚ğ—» ğ—–ğ—®ğ—»ğ˜€ğ—²ğ—¹ğ—¼ğ—¿, ğ— ğ˜‚ğ—¹ğ˜ğ—¶ğ—ºğ—²ğ—±ğ—¶ğ—® ğ—¨ğ—»ğ—¶ğ˜ƒğ—²ğ—¿ğ˜€ğ—¶ğ˜ğ˜† (ğ— ğ— ğ—¨) ğ—–ğ˜†ğ—¯ğ—²ğ—¿ğ—·ğ—®ğ˜†ğ—®

An enchanting night awaits â€” donâ€™t miss it! ğŸŒŸğŸ° 

#onceuponastage #mmu #embracethemagic #performingarts",1,1
"ğŸŒŸ 2025 Taiwan Semiconductor Job and Study Fair
Are you looking to gain local & overseas work experience in the world's leading semiconductor industry?
You must attend this once-in-a-year event in Kuala Lumpur, Malaysia.
Submit your resume now to secure interview and enter LUCKY DRAW
ğŸ‘‰ Registration link: https://global.cake.me/TWSemi-MYSA-15

Why submit your Resume?
âœ… Fast-track your job search with in-person HR interviews
âœ… Access to overseas Study Program & Full-time positions
âœ… Career talk about Taiwan's semiconductor industry trends and talent needs
âœ… 10 lucky winners will receive a Grab RM20 voucher !
--
EVENT DETAILS
ğŸ“… 15th April 2025
â±ï¸ 14:00 - 17:30 (GMT+8)
ğŸ“ Universiti Kebangsaan Malaysia (UKM), Auditorium Teknologi Multimedia Fusion
.
ğŸ“… 16th April 2025
â±ï¸ 14:00 - 17:30 (GMT+8)
ğŸ“ Universiti Malaya (UM), Faculty of Engineering
.
ğŸ“… 17th April 2025
â±ï¸ 14:00 - 17:30 (GMT+8)
ğŸ“ Universiti Putra Malaysia (UPM), Faculty of Engineering
.
ğŸ¯ Who Should Attend
Tech job seekers exploring career transitions
Fresh graduates from engineering and science fields
Professionals who want to learn about semiconductor trends
Talents who speak Basic Chinese OR fluent English
.
ğŸ‘‰ Register Now: https://global.cake.me/TWSemi-MYSA-15

Only candidates who submitted their resume will be prioritized with On-site Interview on 15th - 17th April.
#Semiconductor #Tech #CareerSwitch #CareerFair #Hiring #Jobs #Taiwan #caketechcareerfair",1,1
"Sorak Sorai, sebuah cerita dimana realiti bertemu fantasi, dihidupkan disebuah pentas.

JOM RAMAI RAMAI! Saksikan pementasan teater kami yang akan berlangsung tidak lama lagi ğŸ­

ğŸ—“ï¸ Bila? : 3 atau 4 Januari, 2025.
ğŸ“ Dekat mana? : Dewan Tun Canselor, Multimedia Universiti, Cyberjaya.
ğŸŸï¸ Macam mana nak beli tiket? : Link di bio kami.

Jumpa anda di sana! ğŸª„",1,0
"Dari para pelakon yang menghidupkan watak, penari yang memukau dengan gerak tari, hingga kru protokol yang memastikan segalanya berjalan lancarâ€”ini adalah hasil usaha dan dedikasi setiap insan di hadapan tabir TAKE 13 : Sorak Sorai dan sebaliknya!

Ahli Jawatankuasa Protokol
ğŸ’« Najah Alyaa
ğŸ’« Nur Emilia Athifa
ğŸ’« Fatin Iffah Zafirah
ğŸ’« Aisya Yasmeen
ğŸ’« Muhammad Zharif Imran Bin Ehsham

Pelakon
ğŸ’« Danish Arrayyan sebagai Andika
ğŸ’« Intan Nursyuhada sebagai Zulaikha
ğŸ’« Zalia Queshaira sebagai Alia
ğŸ’« Muhammad Adham sebagai Tok Mahjid
ğŸ’« Hilyah Amirah sebagai Nek Teh
ğŸ’« Aliya Sophia sebagai Cik Bunga
ğŸ’« Eyismal Ieazlean sebagai Kera
ğŸ’« Nor Athirah sebagai Bawang Puteh
ğŸ’« Izzah Harissa sebagai Bawang Merah
ğŸ’« Raissa Qrisha sebagai Kupu-kupu 1
ğŸ’« Amira Sofia sebagai Kupu-kupu 2
ğŸ’« Haafizah sebagai Kupu-kupu 3
ğŸ’« Atiqah Azzahra sebagai Bujang Radin
ğŸ’« Ahmad Safwan sebagai Bujang Udin
ğŸ’« Najmi Firdaus sebagai Bujang Senang
ğŸ’« Aiman Haziq sebagai Raja Malam
ğŸ’« Nabil Haqim sebagai Penglipurlara

Penari
ğŸ’« Syed Fakhrul Shah
ğŸ’« Khairyna Sufia
ğŸ’« Naseem Zahar
ğŸ’« Nabiel
ğŸ’« Damia Sari
ğŸ’« Nur Alya Darwisyah
ğŸ’« Siti Nurlaila Insyirah
ğŸ’« Zarith Aleya Maryam
ğŸ’« Siti Arwen Arissa
ğŸ’« Nur Sakinah Batrisyia
ğŸ’« Kellyn Tan Shui Chin
ğŸ’« Siti Zulfa Husna
ğŸ’« Nur Erina Saffiyah

#TAKE13 #TAMU #theatre #musicaltheatre",0,0
"ğŸª· å«å¡èŠ‚å¿«ä¹ ğŸª·

å«å¡èŠ‚ï¼Œåˆç§°ä½›è¯æ—¥ï¼Œæ˜¯çºªå¿µä½›é™€è¯ç”Ÿã€æˆé“ä¸æ¶…æ§ƒçš„é‡è¦æ—¥å­ã€‚è¿™æ˜¯ä¸€ä¸ªå±äºå’Œå¹³ã€è§‰æ‚Ÿä¸æ„Ÿæ©çš„èŠ‚æ—¥ã€‚åœ¨è¿™åº„ä¸¥è€Œç¥¥å’Œçš„æ—¥å­é‡Œï¼Œè®©æˆ‘ä»¬æ”¾ä¸‹æ‰§å¿µï¼Œè¡Œå–„ç§¯å¾·ï¼Œæ€€æŠ±æ…ˆæ‚²ä¹‹å¿ƒã€‚ğŸ•Šï¸

å¤šåª’ä½“å¤§å­¦ï¼ˆèµ›åŸï¼‰åæ–‡å­¦ä¼šè°¨ç¥æ„¿å¤§å®¶â€”â€”å«å¡èŠ‚å¿«ä¹ï¼Œæ„¿ä½ æˆ‘çš†å¾—æ¸…å‡€å®‰å®ï¼Œæ™ºæ…§å¸¸åœ¨ã€‚

ğŸª· Happy Vesak Day ğŸª·

Vesak Day marks the birth, enlightenment, and passing of Lord Buddha â€”a sacred occasion symbolizing peace, compassion, and spiritual awakening.On this meaningful day,let us embrace kindness, reflect inwardly, and practice goodwill. ğŸ•¯ï¸

The Chinese Language Society of Multimedia University (Cyberjaya) sincerely wishes you a joyful and serene Vesak Day.May your heart be filled with light, wisdom, and tranquility.",0,0
"Swing by Booth 12 @ Plaza Central this 14â€“15 April, 9AMâ€“6PM and discover what Creative Multimedia Club (CMC) is all about!

Join Creative Multimedia Club (CMC) and enjoy:

1. Hands-on design workshops
2. Leadership skill glow-up
3. Meet your fellow creative besties
4. Get your work seen through our platform

Come vibe with usğŸ˜¾ğŸ¤˜ğŸ»tap on the link in our bio for member registrationğŸ”—",1,0
"ğŸ†ğŸ® Game Jam Prize Pool ğŸ’°ğŸ”¥

Ready to compete for first place? Hereâ€™s whatâ€™s up for grabs:

ğŸ¥‡ 1st Place: RM1000 
ğŸ¥ˆ 2nd Place: RM800 
ğŸ¥‰ 3rd Place: RM500

Sharpen your skills, bring your A-game, and show us what you've got! ğŸ’»âœ¨",1,0
"âœ¨ğŸ“£ ARTWORK SUBMISSION MEMOIR RAMADAN 3.0 ğŸ“£âœ¨

Assalamualaikum everyone! To liven up the upcoming Ramadan, Usrah Institution is back with Memoir Ramadan 3.0, where IU members or Non-members have the opportunity again to share their creations in both illustration and comic format! ğŸ˜Šâœ¨

This year, Memoir Ramadan 3.0 follows a series of weekly prompts to inspire your artwork:

ğŸ“Œ Prompt List:
ğŸ—“ Minggu 1: Back to Ramadan
ğŸ—“ Minggu 2: Karenah di Bazaar
ğŸ—“ Minggu 3: Dugaan Nafsu
ğŸ—“ Minggu 4: Mengejar Lailatul Qadr

âœ¨ Extra: Submit your OCs and be featured in the IU Cyber account!

Donâ€™t miss this opportunity to share your creativity! ğŸ«£

Submission Guidelines
âœ´ï¸ Artwork Size: 1080 x 1080 px
âœ´ï¸ File size not exceeding 15 MB. (TBC)
âœ´ï¸ Save your work as JPEG file
âœ´ï¸ RENAME file with your FULL NAME.
âœ´ï¸ You are allowed to submit additional responses if you have more than 1 artwork. (If you have more than 1 artwork, please submit another response)
âœ´ï¸ Both English and Malay can be used to narrate your artworkâ€™s content

ğŸ“Œ Deadline for submission - 1st April 2025

ğŸ“© Submission link: https://docs.google.com/forms/d/e/1FAIpQLSdR4RqGv65wFq2Dk6F68CsfD211cID6MiaC3KEweQY3P_XvOg/viewform?usp=header

For any inquiries:
ğŸ“± +60 13-588 1068 (Muâ€™az)
ğŸ“± +60 13-395 2561 (Haidah)

#WeShareBecauseWeCare #UpholdingTheFamilyHood
#IUCyber",1,1
"Hereâ€™s a lil recap of our recent event!!! Thank you for turning upâ¤ï¸â€ğŸ”¥
Join us next Tuesday at FOE 1023 for another round of fellowships and funs

see you there! ğŸ«µ",0,0
"ğŸ¸ğŸ”¥ *Itâ€™s game time!* ğŸ”¥ğŸ¸

The MMU Cyberjaya Badminton Club is facing off against Heriot-Watt in an exciting friendly match! ğŸ†

ğŸ“… Date: 4 February 2025
ğŸ•’ Time: 8:30 pm - 10:30 pm
ğŸ“ Venue: Shaftsbury Sports Cyberjaya

Come join us for fierce rallies and plenty of fun! Whether youâ€™re rooting for MMU or Heriot-Watt, your support means the world to our players. ğŸ™ŒğŸ’ª

Whoâ€™s your pick for the win? Drop your predictions below! ğŸ¸ğŸ’¬

#MMUCyberjaya #FriendlyMatch",1,1
"Thatâ€™s a wrap for BGR Session Part 1! ğŸ˜ Thank you for asking our speakers those spicy questions ğŸŒ¶ï¸. We hope their answers helped clear up your doubts about relationships.

If you missed Part 1, donâ€™t worry cuzzz Part 2 is coming soon!

But before that, join us next Tuesday for Encouragement DayğŸ”‹ Canâ€™t wait to see you there!

#mmucs #campuslife #relationships",0,0
"Ø§Ù„Ø³Ù„Ø§Ù… Ø¹Ù„ÙŠÙƒÙ… ÙˆØ±Ø­Ù…Ø© Ø§Ù„Ù„Ù‡ ÙˆØ¨Ø±ÙƒØ§ØªÙ‡âœ¨
ÙŠØ³Ø±Ù†Ø§ ÙÙŠ Ø§Ù„Ù†Ø§Ø¯ÙŠ Ø§Ù„Ø¹Ø±Ø¨ÙŠ Ø¨Ø¬Ø§Ù…Ø¹Ø© MMU Ø¯Ø¹ÙˆØªÙƒÙ… Ù„Ø­Ø¶ÙˆØ± Ø§Ù„Ù„ÙŠÙ„Ø© Ø§Ù„ØªØ±Ø­ÙŠØ¨ÙŠØ© Ù„Ù„Ø·Ù„Ø§Ø¨ Ø§Ù„Ø¬Ø¯Ø¯!
Ø£Ù…Ø³ÙŠØ© Ù…Ù„ÙŠØ¦Ø© Ø¨Ø§Ù„ÙØ§Ø¦Ø¯Ø©ØŒ Ø§Ù„ØªØ¹Ø§Ø±ÙØŒ ÙˆØ§Ù„Ø£Ù†Ø´Ø·Ø© Ø§Ù„Ù…Ù…ØªØ¹Ø©ØŒ Ù…ØµÙ…Ù…Ø© Ø®ØµÙŠØµØ§Ù‹ Ù„Ø¯Ø¹Ù…ÙƒÙ… ÙÙŠ Ø¨Ø¯Ø§ÙŠØ© Ù…Ø´ÙˆØ§Ø±ÙƒÙ… Ø§Ù„Ø¬Ø§Ù…Ø¹ÙŠ.

Ù†ØºØ·ÙŠ ÙÙŠÙ‡Ø§ Ø£Ù‡Ù… Ø§Ù„Ù…ÙˆØ§Ø¶ÙŠØ¹ Ø§Ù„Ù„ÙŠ ØªÙ‡Ù…ÙƒÙ…:
Ø§Ù„Ù…Ù†Ø­ Ø§Ù„Ø¯Ø±Ø§Ø³ÙŠØ©ØŒ Ø¨Ø·Ø§Ù‚Ø© Ø§Ù„Ø·Ø§Ù„Ø¨ Ù„Ù„Ù…ÙˆØ§ØµÙ„Ø§ØªØŒ Ø§Ù„Ø£Ù…ÙˆØ± Ø§Ù„Ù…ØªØ¹Ù„Ù‚Ø© Ø¨Ø§Ù„ÙÙŠØ²Ø§ØŒ Ø§Ù„Ù†Ø¬Ø§Ø­ ÙˆØ§Ù„Ø±Ø³ÙˆØ¨ØŒ Ù†ØµØ§Ø¦Ø­ Ù„Ù„Ø¯Ø±Ø§Ø³Ø©ØŒ ØªØ·Ø¨ÙŠÙ‚Ø§Øª Ù…Ù‡Ù…Ø©ØŒ ÙØªØ­ Ø­Ø³Ø§Ø¨ Ø¨Ù†ÙƒÙŠØŒ ÙˆØ§Ù„Ù…Ø²ÙŠØ¯!
ÙˆÙƒØ§Ù„Ø¹Ø§Ø¯Ø©ØŒ Ø§Ù„ÙØ¹Ø§Ù„ÙŠØ© Ù…Ø§ ØªØ®Ù„Ùˆ Ù…Ù† Ø¬Ùˆ Ø¹Ø±Ø¨ÙŠ Ø¬Ù…ÙŠÙ„ ÙˆÙØ¹Ø§Ù„ÙŠØ§Øª ØªØ±ÙÙŠÙ‡ÙŠØ© Ù…Ù…ØªØ¹Ø©!

ğŸ“… Ø§Ù„ØªØ§Ø±ÙŠØ®: Ø§Ù„Ø£Ø­Ø¯ØŒ 20 Ø£Ø¨Ø±ÙŠÙ„ 2025
ğŸ•• Ø§Ù„ÙˆÙ‚Øª: 6:00 Ù…Ø³Ø§Ø¡Ù‹
ğŸ“ Ø§Ù„Ù…ÙƒØ§Ù†:FAIE -CLCR1023
Ù…Ù„Ø§Ø­Ø¸Ø©: Ø§Ù„ÙØ¹Ø§Ù„ÙŠØ© Ù…Ø®ØµØµØ© Ù„Ø·Ù„Ø§Ø¨ Ø§Ù„Ø³Ù†Ø© Ø§Ù„Ø£ÙˆÙ„Ù‰ ÙÙ‚Ø·.

ÙƒÙˆÙ†ÙˆØ§ Ù…Ø¹Ù†Ø§ØŒ ÙˆØ§Ù†Ø·Ù„Ù‚ÙˆØ§ ÙÙŠ ØªØ¬Ø±Ø¨ØªÙƒÙ… Ø§Ù„Ø¬Ø§Ù…Ø¹ÙŠØ© Ø¨Ø£ÙØ¶Ù„ Ø·Ø±ÙŠÙ‚Ø©!
â€¦â€¦â€¦â€¦â€¦â€¦â€¦â€¦â€¦â€¦â€¦â€¦â€¦â€¦â€¦â€¦â€¦â€¦â€¦â€¦
As-salamu alaykum âœ¨
The Arabian Culture Society at MMU is excited to invite you to the Welcoming Night for new students!
An evening full of fun, new connections, and valuable information to help you start your university journey with confidence.

Weâ€™ll cover important topics such as:
Scholarships, student transportation card, visa-related matters, Pass and failure guidelines, study tips, essential apps in Malaysia, how to open a bank account, and more!
And of course, the night wouldnâ€™t be complete without a warm Arabian atmosphere and some fun activities!

ğŸ“… Date: Sunday, 20 April 2025
ğŸ•• Time: 6:00 PM
ğŸ“ Venue: FAIE - CLCR 1023
Note: This event is exclusively for first-year students.

Join us and kick off your university experience the right way",1,1
"[BS Confessions , Dharma Sharing]ğŸ—£ï¸

In April, Buddhist Society Cyberjaya successfully held the BS Confession SessionğŸŒŸ, guiding our members toward a deeper understanding of the DharmağŸ’¡ â€” A journey filled with growth and reflection!â˜ºï¸

A heartfeltğŸ’thank you to everyone who joined us for~

Dharma 1
ã€ŠUniversity Life Breakdown x3 Buddhism Says: You're on a Spiritual Journeyã€‹ğŸª·
We invited members to anonymously share their struggles and explored how Buddhist wisdom can help guide us through them.ğŸ’¬

Dharma 2
ã€ŠFrom University to Community: Living the Dhammaã€‹ğŸ‘£
We were honored to hear from Mr. Dewei and Ms. Bee Hui, who shared their stories and how they apply Buddhism in serving the community.ğŸ˜†

Your presence made these sessions truly meaningfulğŸŠ

Stay tuned for more inspiring activities from the Buddhist Society Cyberjaya!âœ¨

#mmucyberjaya #buddhistsociety #dharmasharing",0,0
"Letâ€™s build something amazing together!
Weâ€™re looking for passionate people to join as Treasurer â€” is that you?
#BuildWithUs #TreasurerWanted #MMUFuture",0,0
"oin Us for a Free Fitness Night!

Get Fit, Have Fun, For Free!

ğŸ“† Day: Every Thursday Night
ğŸ•’ Time: 8:30 PM
ğŸ“ Location: MMU Stadium

What to Expect:

Jogging & Static Exercises
Energizing workouts
Fun and supportive community

All fitness levels are welcome!

Donâ€™t Miss Out! Bring your friends.

#Borntobetough #Trainedtoberough #OARSFitnessNight",1,1
"æ¯äº²èŠ‚ğŸŒ·è‡´æ•¬å¹³å‡¡ä¸­çš„ä¼Ÿå¤§ğŸŒ·

æ¯äº²ï¼Œæ˜¯ä¸–ç•Œä¸Šæœ€æ¸©æŸ”ä¸”åšéŸ§çš„è§’è‰²ã€‚âœ¨å¥¹ä»¬ç”¨å²æœˆè¯ é‡Šæ— ç§ï¼Œä»¥è¡ŒåŠ¨å®ˆæŠ¤å®¶åº­ã€‚æ¯çˆ±æ— éœ€åä¸½è¾è—»ï¼Œå®ƒæ—©å·²æ·±æ·±æ¤äºæˆ‘ä»¬ç”Ÿå‘½çš„ç‚¹æ»´ä¹‹ä¸­ã€‚

åœ¨è¿™ç‰¹åˆ«çš„æ—¥å­é‡Œï¼Œå¤šåª’ä½“å¤§å­¦ï¼ˆèµ›åŸï¼‰åæ–‡å­¦ä¼šè°¨å‘å…¨å¤©ä¸‹çš„æ¯äº²è‡´ä»¥æœ€å´‡é«˜çš„æ•¬æ„ä¸è°¢æ„ã€‚ğŸ¥°

æ„¿æ‰€æœ‰æ¯äº²å¥åº·å¹³å®‰ã€ç¬‘å®¹å¸¸åœ¨ï¼Œå²æœˆæ¸©æŸ”å¾…ä½ ï¼Œæ­£å¦‚ä½ æ¸©æŸ”å¾…æˆ‘ä»¬ã€‚

ğŸ’“æ¯äº²èŠ‚å¿«ä¹ğŸ’“

Motherâ€™s DayğŸŒ·Honouring Greatness in the OrdinaryğŸŒ·

A mother embodies both gentleness and strength. âœ¨ Through time, she teaches us selflessness,and through quiet sacrifice, she holds families together. Motherly love needs no grand declaration, it is found in every small moment, every silent act of care.

On this meaningful occasion, the Chinese Language Society Multimedia University (Cyberjaya) extends its deepest respect and gratitude to all mothers.ğŸ¥°

May all mothers be blessed with good health, lasting joy,and the warmth they have so selflessly given to others.

ğŸ’“Happy Motherâ€™s DayğŸ’“",0,0
"Weâ€™re back at MMU Registration Week!

Come and join us now! Feel free to drop by our booth and get to know us more!

ğŸ“ŒOARS Booth, CLC
ğŸ“Œ Tuesday 14 Apr - Thursday 16 Apr 2024
ğŸ“Œ 10am - 6pm

Oh youâ€™re already a member? Just renew your membership to keep your benefits!

See you there! *run into the darkness

#OARS2024 #PowerToTheOars #TrainedToBeRough
56w",0,1
"ğŸ‰Congrats to Our New Netbees MMU High Committee! ğŸğŸ

Weâ€™re thrilled to announce the selected student IDs as our High Committee for this term! ğŸš€

ğŸ“Œ Student IDs:
ğŸ”¹ 243UC245WU
ğŸ”¹ 242DG241P1
ğŸ”¹ 242FG2434G
ğŸ”¹ 1211304465
ğŸ”¹ 242UC244FU
ğŸ”¹ 1211112316
ğŸ”¹ 1231303179
ğŸ”¹ 243UG245ZA
ğŸ”¹ 242FG242X0
ğŸ”¹ 251UM2505K
ğŸ”¹ 1231303648
ğŸ”¹ 1214022849

Congratulations! ğŸŠ Your passion and leadership have earned you this spot, so letâ€™s make this season unforgettable! ğŸ’ªğŸ”¥

To those who werenâ€™t selected this time, donâ€™t give up! ğŸŒŸ There will be more opportunities in the future as weâ€™ll be opening applications for upcoming events and roles. Keep pushing forward, stay involved, and continue to grow in your netball journey!ğŸ¥³âœ¨ï¸

ğŸ“¢ Letâ€™s meet again at our events this year! Stay tuned for more updates! ğŸ“¢

#NetbeesMMU #Hicom2025 #NetballCyberjaya",0,0
"Mark your dates for some fun activities and cool exhibitions in appreciation of Datoâ€™ Seri (Dr.) A. Samad Said! ğŸ¤© Swipe to see whatâ€™s happening â¡ï¸

Date:
ğŸ—“ï¸Exhibition: 15-27 May 2025
ğŸ­ Theatre Performance â€˜Rumah Kosongâ€™: 15-17 May 2025
ğŸ“FCM Atrium & FCM Gallery, Faculty of Creative Multimedia, Multimedia University, Cyberjaya 

Any enquires please contact:
Bhuvanesh Rao (Director)
016-2587025
Creative Multimedia Club

#AS2025XCMC #AS2025 #asamadsaid #fcmmmu #mmucyberjaya #thereisuinmmu #creativemmu #creativemultimediaclub #cmc #immersiveart #theatrical",1,0
"âœ¨æ•æ‰æ˜¥èŠ‚ä¹‹ç¾ï¼Œå…±äº«èŠ‚æ—¥å–œæ‚¦ï¼âœ¨

å†œå†æ–°å¹´å³å°†åˆ°æ¥ï¼Œè¯šé‚€æ‚¨å‚ä¸â€æ–°æ˜¥æ‘„å½±æ¯”èµ›â€ï¼ç”¨æ‚¨çš„é•œå¤´è®°å½•å±äºå†œå†æ–°å¹´çš„ç¾å¥½ç¬é—´ï¼Œæ— è®ºæ˜¯å……æ»¡æ•…äº‹æ„Ÿçš„äººç‰©ï¼Œè¿˜æ˜¯æ´‹æº¢èŠ‚æ—¥æ°”æ°›çš„æ™¯è‰²ï¼Œéƒ½æœŸå¾…æ‚¨çš„ç²¾å½©å‘ˆç°ï¼

ğŸ“…å¼€æ”¾æ—¶é—´ï¼š2025å¹´1æœˆ23æ—¥ï¼ˆæ˜ŸæœŸå››ï¼‰è‡³ 2025å¹´2æœˆ13æ—¥ï¼ˆæ˜ŸæœŸå››ï¼‰
ğŸ“¤æäº¤æ–¹å¼ï¼šè¯·å°†å‚èµ›ä½œå“åŠä½œå“ç®€ä»‹ä¸Šä¼ è‡³æŒ‡å®šçš„Google Form
ğŸ”—é“¾æ¥ï¼šhttps://forms.gle/musA4jTUqVkCWW4H7

ğŸ¯æ‘„å½±ä¸»é¢˜ï¼šå†œå†æ–°å¹´
ä½œå“å¯ä»¥æ˜¯ç”ŸåŠ¨çš„äººç‰©ï¼Œæ¸©é¦¨çš„å®¶åº­å›¢èšï¼Œæˆ–èŠ‚æ—¥æ°”æ¯æµ“éƒçš„é£æ™¯ç­‰ï¼Œä¸»é¢˜ä¸é™ï¼Œåªéœ€ä¼ é€’æµ“éƒçš„æ–°æ˜¥æ°›å›´å³å¯ï¼

ğŸ“·ç”¨é•œå¤´è®²è¿°æ–°æ˜¥æ•…äº‹ï¼ŒæœŸå¾…æ‚¨çš„ä½œå“å¤§æ”¾å¼‚å½©ï¼

âœ¨ Capture the Beauty of the New Year and Share the Festive Joy!âœ¨

As the Lunar New Year approaches, we warmly invite you to participate in the Extravaganza â€œSerpentâ€- Lunar New Year Spring Festival Photography Contest!ğŸ® Use your lens to capture the wonderful moments of the Lunar New Year, whether itâ€™s storytelling portraits or festive scenery, we look forward to your outstanding entries!

ğŸ“…Submission Period: 23rd January 2025 (Thursday) to 13th February 2025 (Thursday)
ğŸ“¤Submission Method: Please upload your entry and a brief description of your work via the designated Google Form.
ğŸ”—Link:https://forms.gle/musA4jTUqVkCWW4H7

ğŸ¯Photography Theme: Lunar New Year
Your work can feature dynamic portraits, warm family reunions or scenery filled with festive vibes. There are no restrictions on the theme, as long as it conveys a rich Lunar New Year atmosphere!

ğŸ“·Tell your New Year story through your lens, and we look forward to seeing your outstanding work!",1,0
"Eid Mubarak from OARS! ğŸŒ™âœ¨ 

Enjoy the celebrations and cherish every moment with your loved ones! 

â€œRaya Gempak, Adventure Pun Tak Lepak!â€ ğŸ¦¾â›°ï¸

ğŸ“… Save the Date!
An exciting adventure awaits,
celebrate Eid in style and get ready for an unforgettable journey with OARS!ğŸ”¥",1,0
"To be a legend, one must learn from the experienced. Introducing, our coach, Coach Ramesh! 
#kingcobraclan #mmuarchery #mmuathletes #mmucyberjaya",0,0
"ğŸŒŠğŸš£â€â™‚ï¸ |MERDEKA MANGROVE EXPLORER KAYAK EXPEDITION| ğŸš£â€â™€ï¸ğŸŒŠ

#JiwaMerdeka 14th Sept 2024 | Jeti Pak Din, Sungai Pelek, Bagan Lalang @hikers.climber

What an incredible adventure! ğŸ‡²ğŸ‡¾ Our OARS club, together with @mmuswimmingclub , hosted a successful expedition with 38 amazing participants paddling through the stunning mangroves in celebration of Merdeka. The Malaysian flag was proudly part of the journey as we embraced the beauty of our natural heritage. ğŸŒ¿

ğŸ’¡ Fun Fact: Mangroves act as a natural shield, protecting coastlines and providing habitat for countless marine species! ğŸŒ±

A big thank you to MMU Swimming Club for the awesome collaboration! ğŸ™Œ

ğŸš£â€â™‚ï¸ Ready for more outdoor adventures? Join us and be part of our next exciting event! Stay tuned and follow us for updates! ğŸŒ

#PowerToTheOARS #Merdeka2024 #BornToBeTough #TrainedToBeRough",0,0
"The time has come.. IPT LEAGUE 2025. May the force be with usğŸ‘Š
#kronosmalaysia
#insportswetrust
#sportsparagon
#kronosxMMUFC",0,0
"ğŸŒ¸ğŸŒ¸ ã¿ã‚“ãªã•ã‚“!!! ğŸŒ¸ğŸŒ¸

Have you heard? The Japanese Culture Society will be holding our SGM (Semester Grand Meeting), a time where we gather all our members and socialize! Get to know everyone in the community and play games with us! Not only that, we will also announce our upcoming plans for the club. The details of the meeting are as below:

Date: 23/04/2025 (Wednesday)
Time: 8.00 - 10.30 pm
Venue: FCI Theatre (FCIV0001)

We hope to see you there! ğŸ˜‰

ğŸŒ¸ ã‚ã‚ŠãŒã¨ã†! ğŸŒ¸",1,1
"Join us for an exciting archery event where you can take aim and fire with confidence!

This program offers participants the chance to learn and enhance their archery skills in a guided and engaging environment.

ğŸ—“ Date : 12 January 2025
ğŸ“ Location : Nearby Faculty of Management (FOM)
Session 1 : 8:30 - 10 am
Session 2 : 10 - 12:30 pm

ğŸ’° Fees :
IU Members : RM13
Non-members : RM15

ğŸ”—https://shorturl.at/XtzFp

Reviving the Sunnah togetherâ€”Let's ArcherIU!""",1,1
"Come meet us at Dewan Tun Chancellor (DTC) Right Upper Hall at Future Leaders Bootcamp tomorrow for the first session! ğŸ’•

Looking forward to meeting all of y'all there!

#leadership #softskills #mmucyberjaya #accountingclub",0,0
"MMU CYBERJAYA CHESS CLUB (MCCC) IS OPEN FOR RECRUITMENT FOR HICOM POSITIONS. Embark on a strategic journey with us at the Chess Club! The MMU Cyberjaya Chess Club is looking for recruit members to be a part of the clubâ€™s High Committees!!! Join a community where strategy meets camaraderie, where every move matters, and victories are celebrated together. Are you interested and curious about joining the team and trying to lend a hand? Join our club team and gain great experience!! So, do apply now to be a part of the HIGH COMMITTEE TERM 2024/2025!!!

Submit your applications here 
https://forms.gle/87V5VhdC4LCiSCt19

We hope that we can meet you soon in the interview See you guys soon! :) Thank you.

For any enquiries, pls contact :
+60 16-611 3563 (Maliny, President)
+60 14-270 2915 (Kalla, Vice President)",0,0
"Calling all potential sponsors!

Join us in supporting Tech Career Days (TCD) 2025, the annual flagship career event hosted by IT Society MMU Cyberjaya. This year, weâ€™re expecting hundreds of students from universities across Malaysia to participate in tech talks, workshops, quizzes, networking sessions, and on-the-spot interviews with leading companies.

TCD 2025 is designed to bridge the gap between students and the tech industry, creating opportunities for recruitment, knowledge sharing, and brand exposure.

Weâ€™re proud to host the event right in the heart of MMU Cyberjaya, where innovation meets opportunity.

Tech Career Days 2025 offers a variety of sponsorship packages, and your support will help shape the future of tech talent in Malaysia.

Letâ€™s partner for success!

For more information on how your organization can sponsor TCD 2025, reach out to us at: techcareerdays@gmail.com

Together, letâ€™s make Tech Career Days 2025 an unforgettable experience for students and recruiters alike!

#TCD2025 #TechCareerDays #SponsorshipOpportunity #FutureTechTalent #MMUCyberjaya #UniversityIndustryLink #CareerFair",0,1
"Greetings Everyone!! ğŸ“¢ğŸ“¢ğŸ“¢

We are back from the long inactivity !!!! To start off the semester term 2023/2024, we will be having our first non - interaction and virtual annual general meeting ğŸ”¥ğŸ”¥ !!!! 

Above are the AGM posts that contain information about our motives for 2024  new committees and past events. âœ¨âœ¨ Let's dive into 2024 with anticipation and excitement ğŸ¥³ğŸ¥³ !!!

Thank you for all the SUPPORT and PATIENCE , we as the new term committees are excited to serve our objectives to all of you MMU PEEPS. 

Do follow our IG for more updatesss ğŸ¥°

From,
MMU Cyber Badminton Club ğŸ¸",0,0
"ğŸŒŸ ç”Ÿæ´»è¥ç­¹å§”æ‹›å‹Ÿ | è¿™ä¸€åˆ»ï¼Œç­‰çš„å°±æ˜¯ä½ ï¼ğŸŒŸ

ğŸ’¡ åŠ å…¥æˆ‘ä»¬ï¼Œä½ å°†æ”¶è·ï¼š
âœ¨ æ»¡æ»¡æˆå°±æ„Ÿâ€”â€”ä»é›¶å¼€å§‹ç­–åˆ’ï¼Œäº²æ‰‹æ‰“é€ ä¸€åœºå±äºä½ çš„ç²¾å½©ï¼
ğŸ­ å›¢é˜Ÿåä½œä½“éªŒâ€”â€”å’Œä¸€ç¾¤æœ‰è¶£çš„äººå¹¶è‚©ä½œæˆ˜ï¼ŒåŸ¹å…»ç»„ç»‡ä¸æ²Ÿé€šèƒ½åŠ›ï¼
ğŸš€ æŠ€èƒ½å¤§æå‡â€”â€”æ´»åŠ¨ç­–åˆ’ã€å±æœºå¤„ç†ã€å®£ä¼ æ¨å¹¿ï¼Œç»Ÿç»ŸGetï¼
ğŸŒ äººè„‰èµ„æºæ‹“å±•â€”â€”ç»“è¯†æ¥è‡ªä¸åŒé¢†åŸŸçš„ä¼˜ç§€ä¼™ä¼´ï¼Œå»ºç«‹æ·±åšå‹è°Šä¸åˆä½œå…³ç³»ï¼

æ— è®ºä½ æ˜¯ç­–åˆ’æ–°æ‰‹è¿˜æ˜¯æ´»åŠ¨è¾¾äººï¼Œåªè¦ä½ æœ‰çƒ­æƒ…ã€æœ‰æƒ³æ³•ï¼Œç”Ÿæ´»è¥å°±æ˜¯ä½ å¤§å±•èº«æ‰‹çš„æœºä¼šï¼ğŸ”¥

ğŸ”ç­¹å§”æ‹›æ”¶è¯¦æƒ…å¦‚ä¸‹ï¼š
ğŸ“æ‹›æ”¶æ—¶æ®µ: 2025å¹´3æœˆ24æ—¥ ï¼ˆæ˜ŸæœŸä¸€ï¼‰ è‡³2025å¹´4æœˆ4æ—¥ ï¼ˆæ˜ŸæœŸäº”ï¼‰
ğŸ“é¢è¯•æ—¶æ®µ: 2025å¹´4æœˆ8æ—¥ï¼ˆæ˜ŸæœŸäºŒï¼‰ è‡³ 2025å¹´4æœˆ10æ—¥ ï¼ˆæ˜ŸæœŸå››ï¼‰
ğŸ“é¢è¯•æ—¶é—´å’Œåœ°ç‚¹: å¦è¡Œé€šçŸ¥

ğŸ“ æŠ¥åæ–¹å¼ï¼š
æ‰«æäºŒç»´ç æˆ–ç‚¹å‡»ä»¥ä¸‹é“¾æ¥ï¼Œä»¥äº†è§£æœ¬æ¬¡ç”Ÿæ´»è¥ç­¹å§”å›¢æ‹›å‹Ÿçš„å„ä¸ªå²—ä½ã€‚æœ€åï¼Œç‚¹å‡»é¡µé¢åº•éƒ¨çš„æŒ‰é’®å¡«å†™è¡¨æ ¼ï¼Œæˆ‘ä»¬å°†æ ¹æ®ä½ çš„å…´è¶£å’Œä¸“é•¿ï¼Œä¸ºä½ åŒ¹é…æœ€åˆé€‚çš„èŒä½ï¼Œè®©ä½ åœ¨æœ€é€‚åˆçš„å²—ä½ä¸Šå‘å…‰å‘çƒ­ï¼ğŸ’¡

é“¾æ¥ï¼š
https://sites.google.com/view/clsclifecamp/home

ğŸ“© æ¬²çŸ¥æ›´å¤šè¯¦æƒ…ï¼Œæ¬¢è¿è”ç³»ï¼š
ğŸ“ å¶å­ç‘„ 011-10994648
ğŸ“ å½­éªå…ƒ 011-37885395
ğŸ“ æç§€èŠ³ 011-10648189
ğŸ“ è°¢è‹“ç¿Š 018-9622899

ğŸŒŸ Life Camp Organizing Committee Recruitment | This is your moment! ğŸŒŸ

ğŸ’¡ Why join us?
âœ¨ Sense of accomplishment â€“ Plan an event from scratch and bring your vision to life!
ğŸ­ Teamwork & collaboration â€“ Work alongside a fun and dynamic team, enhancing your communication and leadership skills!
ğŸš€ Skill development â€“ Gain hands-on experience in event planning, problem-solving, and marketing!
ğŸŒ Networking opportunities â€“ Meet and connect with talented individuals from various backgrounds!

Whether you're a first-time organizer or an experienced planner, if you have passion and ideas, Life Camp is the perfect opportunity for you! ğŸ”¥

ğŸ”Information of organizing committee recruitment is stated belowï¼š
ğŸ“Application Period: 24th March 2025 (Monday) to 4th April 2025 (Friday)
ğŸ“Interview Period: 8th April 2025 (Tuesday) to 10th April 2025 (Thursday)
ğŸ“Interview Time & Venue: Will be notified later

ğŸ“ How to sign up?
Scan the QR code or click the website link below to explore the available positions for the Life Camp Organizing Committee recruitment. Lastly, click the button at the bottom of the website page to fill out a simple form. Based on your interests and expertise, we will match you with the most suitable position, allowing you to shine in the role that fits you best! ğŸ’¡

Link:
https://sites.google.com/view/clsclifecamp/home

ğŸ“© For more information, feel free to contact:
ğŸ“ Yap Zi Xuan 011-10994648
ğŸ“ Phang Jun Yuan 011-37885395
ğŸ“ Lee Siew Fang 011-10648189
ğŸ“ Siah Ling Yi 018-9622899",1,1
"Empowered womenğŸ«µğŸ» empower the worldğŸ’«

Techgirls is celebrating strength, resilience, and the endless possibilities of women everywhereğŸŒ We wish you all Happy Womenâ€™s Day!ğŸ’",0,0
"ğŸ  Hostel Re-Application 2025 â€“ Info HubğŸ“

Thank you to everyone who joined our briefing! Missed it or need a refresher? Weâ€™ve got you covered. Access everything you need in one place:

ğŸ“˜ Hostel Handbook
â“ FAQs
ğŸ¥ Briefing Recording

Just scan the QR codes on the poster to view them!

Make sure youâ€™re all set for a smooth re-application process. All the best! ğŸŒŸ

#mmuisyou #sccmmucyber #mmumalaysia

_â€Striving for Community Cohesionâ€_

Regards
Studentsâ€™ College Committee
Multimedia University (MMU)",0,0
"[MMU HORNBILLS REDS SPONSORSHIP OFFER]

Over the years, the MMU Hornbills Reds have competed in numerous prestigious tournaments, showcasing remarkable determination and skill on the field. From securing championship titles to achieving notable positions in various competitions, our teamâ€™s journey is filled with success and growth.

Here are some of our recent highlights:

	â€¢	Champion Plate at Masiswa 10s 2022
	â€¢	3rd Cup at Putrajaya 10s 2023
	â€¢	Champion Shield at Balik Pulau 7s 2024
â€¦and many more!

We are proud of our achievements and continue to aim higher with each tournament. Thank you to our dedicated players, coaches, and supporters for being part of this incredible journey.

ğŸ“¢ Stay tuned as we continue to push boundaries and strive for more victories!

RUN | BLEED | LIVE
#mmuhornbillsreds #mmucyberjaya",0,0
"Once upon a time, we dreamed of magical momentsğŸª„...
And now, that dream might just come trueâœ¨

#OnceUponAStage #performingarts #magical",0,0
"Come hang with us, Communication Society at MMU LAND S.E.E Day ğŸ—ºï¸ Weâ€™ll be there with games and a glimpse into what makes comms life so exciting âœ¨

Date: 26â€“27 April 2025
Time: 10AM â€“ 4PM
Location: Starhub, FCM Building Level 3, MMU Cyberjaya

Whether youâ€™re a student figuring things out or a parent exploring options ğŸ¤”weâ€™ve got something for you. ğŸ¤«ğŸ«µğŸ¼
See you there?

#writeyourstorywithcommsoc #yourstorybeginshere #commsoc",1,1
"ğŸŒ¸ ã“ã‚“ã«ã¡ã¯! ğŸŒ¸

Want to take a break off your studies and hang out with your buddies?
The JCS has wonderful news for you!
Tomorrow, we are going to host movie night! ğŸ¥ ğŸ

The details are as follows:

Movie 1:
The Secret World of Arrietty ğŸŒ¿

Movie 2:
Suzume ğŸ’«

Venue: CNMX 1005
Date: 19th December 2024
Time: 7.00PM - 11.00PM

Make sure to invite your friends and don't forget to bring your popcorn! ğŸ¿
See you there! ğŸ˜‰",1,1
"â€¼ï¸ ANNOUNCEMENT â€¼ï¸
ğŸ Updated Weekly Schedule â€“ MMU Cyberjaya Volleyball Club ğŸ

Weâ€™re excited to roll out our new weekly session schedule, designed to create a more dynamic and enjoyable environment for all members. Whether youâ€™re looking to improve your skills, enjoy a friendly game, or just stay active, weâ€™ve got something for you every night of the week!

ğŸ”¥ Join us for:
Members Day, Funplay sessions, Girls Training, and Boys Training â€“ each designed to suit different playing styles and goals. âœ¨

â¸»

ğŸ“… Weekly Schedule:
ğŸ”¹ Monday: Girls Training (8:00 PM â€“ 11:00 PM)
ğŸ”¹ Tuesday: Funplay (9:00 PM â€“ 11:45 PM)
ğŸ”¹ Wednesday: Members Day (9:00 PM â€“ 11:45 PM)
ğŸ”¹ Thursday: Boys Training (9:00 PM â€“ 11:45 PM)
ğŸ”¹ Friday: Funplay (9:00 PM â€“ 11:45 PM)

â¸»

ğŸ“Œ Reminders Before You Play:
ğŸš­ Smoking and vaping around the court area are strictly prohibited.
ğŸ‘Ÿ Sports shoes are required â€” no shoes, no play.
ğŸ‘• Please come dressed in suitable sports attire.

âœ… Daily attendance is not compulsory â€” feel free to come and go as you wish.

â¸»

Letâ€™s make the most of our time on the court â€” see you there!
ğŸğŸ’ª

Best regards,
MMU Volbees / MMU Volleyball Club 24/25
â€œOne Dream, One Teamâ€",0,1
"ğŸ®ğŸ“± Game Jam FAQ ğŸ•¹ï¸ğŸ’»

Want to know more about the game jam? Weâ€™ve got you covered! ğŸ˜Š Here are the answers to a few questions you might have!

Stuck or have more questions that weren't answered here? Slide into our DMs or drop a comment down belowâ€”weâ€™re happy to help! ğŸ’¬âœ¨",0,0
"Last weekend we took the team to a trip to JDTğŸ¯

#kronosmalaysia
#insportswetrust
#sportsparagon
#kronosxMMUFC",0,0
"Never have I ever tried a Baguette Pizza? What?!? You have never tried a Baguette Pizza?!? Well youâ€™re in luck because we be selling those at the *MMU Bazaar Week!* From 14 Jan to 16 Jan, Lecture Hall, stall 15. Share us around! Tell a friend and see you there!
#mmubazaarweek #mmubazaar2020 #fundraiser #mmucyberjaya #mmuarcheryclub #kingcobraclan",0,0
"Good Day Fellow Friends!ğŸ¤©

It's time to know about us!ğŸ«¶ğŸ»

#mmubuddhistsocietycyberjaya
#Buddhist",0,0
"It's time for CSRW againnnn!

This coming Wednesday to Thursday (20th to 21st Nov), MMUCF will be opening a booth at Central Plaza 4

We have some exciting games waiting for you during the CSRW, so donâ€™t forget to drop by our booth and participate to win prizes ğŸ¥³. If you're interested in knowing more about our club, don't hesitate to ask! See you there ğŸ˜†!

Details
â°10AM - 5PM
ğŸ—“ï¸ 20th - 21st Nov
ğŸ“Central Plaza 4",1,1
"ğŸš€ GAME JAM ALERT! ğŸ® 
Wanna build a game in just 3 days? Grab your squad (or go solo), unleash your creativity, and letâ€™s make something epic from scratch or free assets!

Scan the QR + sign up now! ğŸ’¥ Any issues? Slide into our DMs â€” we got you! ğŸ’Œ Letâ€™s jam, devs! â­",0,0
"Behind every great event is a great team! ğŸŒŸ Meet the faces that make it all happen at WATERSPORTS Club. With passion, dedication, and a love for water sports, our committee is here to keep the momentum going! ğŸ’¦

Trainer: Low Jia An
Quartermaster: Tan Kai Feng
Quartermaster: Tee Tong Wing

#watersports #mmudragonboat #mmudragonboatteam #watersportsclub",0,0
"Are you ready to get a hands on React Workshop by Hackerspace MMUğŸš€âœ¨ï¸

ğŸ“… Date: 19th December 2024 (Thursday)
ğŸ• Time: 7:00 PM - 10:00 PM
ğŸ“ Venue: Agmo Space. FCM

Takeaways from this workshop:
âš’ï¸ - Build an app using React
â€¢â  â â Apply core concepts in React when building the app

NOTE: Materials will be provided.

What are you waiting for ? RSVP now as spots are limited!!

Registration Form Link:
https://forms.gle/hsscD8qAzqda4upd7",1,1
"Tinggal 6 hari sahaja lagi sebelum Sorak Sorai membuka tirainya! ğŸ­ Jangan lepaskan peluang untuk menyaksikan malam penuh keajaiban ini!

ğŸ—“ï¸ Tarikh: 3 atau 4 Januari, 2025.
ğŸ“ Tempat: Dewan Tun Canselor, Multimedia Universiti, Cyberjaya.
ğŸŸï¸ Pembelian Tiket: Link di bio kami. ",1,0
"Dive into Imagination for Creative Entertainment (D.I.C.E) focuses on Tabletop Games, both Roleplay Games and Board Games.

Some of our famous systems are Dungeons & Dragons, PokeRole, LANCER.

For boardgames we have a collection including Exploding Kittens, Unfathomable, Betrayal at The House on the Hill, etc. We provide Board Game Event services to MMU clubs and societies. 

We host a myriad of interests and are happy to welcome you. 

#mmucyberjaya #goforit",0,0
"Join a community that supports you, brings people together, and sparks creativity through fun activities.

Sign up now and be part of something amazing ğŸ‘¾ğŸ’¥!
#cmcmmu #fcmmmu #creativemultimediaclub",0,0
"Ready to level up your coding skills? ğŸ–¥ ğŸ‘©â€ğŸ’»ğŸ‘¨â€ğŸ’»âœ¨

Register NOW for CodeNection 2024!

Join us for an exciting event where you'll :

ğŸ”— Connect with fellow developers
ğŸ’¡ Solve real-world challenges
ğŸ† Sharpen your skills in workshops

Open to all university students in Malaysia, with two categories:
- Closed (MMU students only)
- Open (all Malaysian universities)

Competitions will have preliminary and final rounds, with the best teams advancing to compete for the grand prize.

ğŸ“… Registration: 21st October - 17th November 2024
ğŸŒ Learn more at: https://www.itscodenection.tech

Got questions? Contact our team:
Director: Dennis Ng (1211102656@student.mmu.edu.my)
Assistant Director: Janelle Tan (1211106476@student.mmu.edu.my)

Donâ€™t miss out!
#itsociety #mdec #mypdti #codenection2024",1,1
"ğŸ® Attention Gamers! ğŸ®

Get ready to level up your gaming experience at our upcoming LAN Party hosted by MMU eSports Club!!

ğŸ“… Date: 15th May 2024
ğŸ•’ Time: 6.45 p.m. - 11.00 p.m
ğŸŸ Venue: FOM CRCR 1002 & 1003

Join us for an electrifying day filled with intense gaming and friendly competition! Whether you're a seasoned pro or just starting out, there's something for everyone at our LAN Party.

ğŸ‰ What to Expect:

Non-stop gaming action with your favourite titles
Networking opportunities with fellow gamers
Fun activities and challenges throughout the event
Refreshments [ while stock last's ]
Don't miss out on the ultimate gaming extravaganza! Grab your gear, rally your squad, and let's make this LAN Party one for the books.

Stay tuned for more updates and announcements. Get ready to game on!

See you there!",1,1
"ã“ã‚“ã«ã¡ã¯ã€ã¿ã‚“ãª!

We'd like to inform all of you that the RSVPs for the Comic Fiesta shuttle bus is now CLOSED!

Those who have successfully registered will be added into a group for further information.

ã‚ã‹ã£ã¦ãã‚Œã¦ ã‚ã‚ŠãŒã¨ã†~! ğŸ™‡ğŸ»â€â™€ï¸",0,0
"MMU CYBERJAYA CHESS CLUB (MCCC) IS OPEN FOR RECRUITMENT FOR HICOM POSITIONS. Embark on a strategic journey with us at the Chess Club! ğŸŒŸ The MMU Cyberjaya Chess Club is looking for recruit members to be a part of the clubâ€™s High Committees!!! Join a community where strategy meets camaraderie, where every move matters, and victories are celebrated together. Are you interested and curious about joining the team and trying to lend a hand? Join our club team and gain great experience!! So, do apply now to be a part of the HIGH COMMITTEE TERM 2023/2024!!!â™Ÿï¸

Submit your applications here ğŸ‘‡

https://forms.gle/3U5wEJ6WtkGfqiLL7

We hope that we can meet you soon in the interview
See you guys soon! :) Thank you.ğŸ¤—

For any enquiries, pls contact :
+60 11-2627 8517 (Kirtanah Manalan, President)

+60 17-2834245 (Derrel Immanuel, Vice President)

Follow us on IG for more updates:â¤µï¸
MMU Cyberjaya Chess Club
67w",0,0
"Itâ€™s Club & Society Registration Week (CSRW)!

Step into the wild and join us at our booth at Central Learn Complex (CLC)!
ğŸ¦ğŸŒ¿

Get to know more about our club, meet the team, and ask us anything! Whether youâ€™re a nature enthusiast or just curious, everyoneâ€™s welcome!
âœ¨

Booth Details:
ğŸ“ OARS Booth, CLC
ğŸ“… Monday 14th â€“ Tuesday 15th April
â° 10 AM â€“ 5 PM

Already a member?
Donâ€™t forget to renew your membership to continue enjoying all the exciting perks and activities we have in store!
ğŸ”ğŸŒ±

See you there in the wild zone!
ğŸ¦‹

#PowerToTheOars
#BornToBeTough
#TrainedToBeRough",1,1
"The MMU Awards nomination process just got easierâ‰ï¸

Weâ€™ve created a quick guide to help you nominate yourself or others for the prestigious MMU Awards. Whether youâ€™re aiming for Best Student Volunteer, Student Prodigy, Model, or other exciting categories, this guide will walk you through the entire process step-by-step. â³

Donâ€™t wait! Make sure to submit your nominations before the deadline (11 May 2025) and be part of the celebration of the best moments, efforts, and individuals at MMU! ğŸŒŸ

Still have questions or need help with your nomination? Reach out to Rafiqi, and theyâ€™ll be happy to assist! 

ğŸ“ Rafiqi â€“ 013 399 9400 (HOD Communications & Operations)

#NominationTutorial #MMUAwards2024 #NominateNow",1,0
"Ready to elevate your accounting career ğŸ‰?
Join us on September 18th for an insightful Virtual Info Talk Session titled 'Become a Tech-Savvy Professional Accountant!'

Explore the essential technologies transforming the accounting field and learn how to integrate these tools into your professional practice. ğŸ“‘

Connect with industry experts and discover strategies to stay ahead in this evolving landscape. Donâ€™t miss this opportunity to enhance your skills and boost your career potential. See you on Teams! ğŸ‘‹ğŸ»

Date ğŸ“…: 18th September 2024
Time ğŸ•—: 7.45p.m - 8.30p.m
Mode ğŸ : Virtual (via Teams)

Link to register:
https://docs.google.com/forms/d/e/1FAIpQLScJFD_tTxfUAKTBVrReyRtxJ30Z8AX0JFysBV3_OQ24EU-hWA/viewform?usp=sf_link

#cacmmu #virtualtalk #mmumalaysia #mmu #accounting",1,1
"âœ¨Youâ€™re invited!âœ¨ 

ğŸ™ï¸Join us for an exciting and engaging session featuring inspiring guest speakers whoâ€™ve turned their dreams into reality. Powered by IQI Global, we are turning this collaboration into an inspiring experience for all the innovators and dreamers for all MMU students!ğŸ”¥

ğŸ¤Event DetailsğŸ¤

Date ğŸ“… : 30 April 2025
Time ğŸ•°ï¸ : 7:30-10pm 
Venue ğŸ“: FOM Theater, MMU Cyberjaya 

To register: https://www.ticket2u.com.my/event/42892

Donâ€™t miss out and we shall see you there!ğŸ¤©

â€œElevate your pitch, boost your reach!â€ğŸŒŸ

#PitchPerfect #LifeAtIQI #MMU #TechGirls",1,1
"ğŸ®ğŸ¨MMU GDC Game JamğŸ˜ğŸ•¹ï¸

If you have seen our post yesterday then the announcement we have for you is that we are organising a game jamğŸ˜

This exciting opportunity is open to any uni students, regardless of whether you are in MMU or not. So don't be afraid to join if you are interested ğŸ˜‰. 

Below are the details of the event:
Team: 1 - 4 people
Engine: Open to any engines
Fee: Free/None
Mode: Physical @ MMU Cyberjaya
Date: 23rd-25th May

More details will be revealed later. If you have any questions then you can DM us here or ask in the commentsğŸ˜Š",1,0
"Thank you everyone who joined our yesterday's activity. Hope everyone had gained something from Mr. Michael William on the topic of ""God's will vs Free will"". ğŸ”¥

Do share your experience with your friends and invite them to join our next week's activity. Stay blessedâ¤ï¸âœ¨",0,0
"Its matchday 01 and we go against UITM PERLIS.ğŸ’¥ğŸ’ª

#kronosmalaysia
#insportswetrust
#sportsparagon
#kronosxMMUFC",0,0
"ğŸŠğŸ»Highlights from the SSC Swimming Gala 2024!

The Multimedia University (MMU) Cyberjaya Swimming Club had an amazing time at the SSC Swimming Gala 2024, hosted by Sunway Swimming Club on June 22nd! Here are some highlights from the event:

Event Recap:
ğŸ“… Date: 22nd June 2024
ğŸ“ Venue: SUN-U Residence Pool

Our team had a fantastic day filled with intense competition, teamwork, and camaraderie. We are proud to share that our swimmers gave their best performances and showcased incredible sportsmanship throughout the event.

Achievements:

ğŸ¥‡ Backstroke Men (100m): Gold
ğŸ¥‡ Breaststroke Men (50m): Gold
ğŸ¥ˆ Relay Medley 4x50m: Silver

#MMUSwimmingClub #SSCSwimmingGala2024 #TeamSpirit #UniversitySports #SunwaySwimmingClub #StudentLife #MMUCyberjaya
44w",0,0
"Di balik tabir pementasan TAKE 13 : Sorak Sorai, hadirnya jiwa yang bertungkus-lumus menghidupkan setiap detik di pentas. Tanpa mereka, tiada sorak, tiada sorai! âœ¨

Ahli Jawatankuasa Set dan Prop
ğŸ’« Farah Lyana
ğŸ’« Nisa Nabilah
ğŸ’« Nurrul Hana
ğŸ’« Enath Jameela
ğŸ’« Everest
ğŸ’« Lina Nadhirah
ğŸ’« Wafa Wirdani
ğŸ’« Sara Irdina
ğŸ’« Jafnie Adlena
ğŸ’« Ummu Maisarah
ğŸ’« Nur Syahira Rifqah
ğŸ’« Nazatul Safiah
ğŸ’« Caiyeesa Hanim
ğŸ’« Kuntida Changchit
ğŸ’« Thiraphat Navichit
ğŸ’« Abdallah Bashar
ğŸ’« Naufal Hadi
ğŸ’« Arif Mukhriz
ğŸ’« Abraham Yoji
ğŸ’« Faris Asyraaf
ğŸ’« Hadiff Mustaqim

#TAKE13 #TAMU #theatre #musicaltheatre",0,0
"Falls ihr heute mit der Disziplin ringt. Es ist ganz normal. Disziplin wird StÃ¼ck fÃ¼r StÃ¼ck aufgebaut, nicht Ã¼ber Nacht geschenkt. Es ist entscheidend, dem Kopf klarzumachen, dass das, was wir tun, seinen Wert hat. Und vergesst nicht: Belohnt euch regelmÃ¤ÃŸig fÃ¼r die kleinen Siege, damit ihr nicht das GefÃ¼hl bekommt, eure Anstrengungen seien umsonst. Nur so bleibt ihr dran und werft nicht alles hin. Es geht darum, den Unterschied zu erkennen zwischen dem, was wir sofort wollen, und dem, was uns langfristig am Herzen liegt.

 #disziplin #motivation #belohnung #durchhaltevermÃ¶gen #zielsetzung #persÃ¶nlichkeitsentwicklung #kleineschritte #erfolgsmindset #besteversion #disziplinbringtresultate #geduld #selbstmanagement",0,0
"Dear MMU Students,

The MMU Swimming Club is excited to announce the registration for *Life Saving 101: LSSM Bronze Medallion Certification* â€” your chance to learn essential lifesaving skills and earn a recognized certification!

This course includes 4 professional training sessions and 1 *certification* test, conducted by a certified coach.
Whether youâ€™re aiming for lifeguard qualification, water safety skills, or just to level up your swimming, this programme is for you!

Outside, this certification usually costs RM650 to RM1000 â€”
At MMU, youâ€™re getting it for as low as RM260!
(The *CHEAPEST* youâ€™ll find in the market!)

â¸»

ğŸ›Ÿ Pre-requisites:
	â€¢	Able to swim 100m continuously
	â€¢	Able to swim 300m (any stroke)
	â€¢	Able to dive and retrieve an object from a depth of 20m
âœ… A pre-requisite test will be conducted on 28 April 2025, from 8:00 PM to 10:00 PM.

â¸»

ğŸ“ Venue:
MMU Swimming Pool

ğŸ“… Programme Period:
March/April 2025 Trimester (Official dates to be announced)

ğŸ•’ Training Sessions:
During MMU Swimming Club membersâ€™ swimming sessions.

â¸»

ğŸ—“ï¸ Last Date to Register:
28 April 2025

ğŸ’° Fees:
	â€¢	RM260 (MMU Swimming Club Members)
	â€¢	RM350 (Non-Members)

(Compared to outside â€” this is a steal!)

â¸»

For inquiries, contact:
Ahmad Daniel Ikhwan Bin Rosli
Vice-President, MMU Swimming Club
ğŸ“ +60 11-6565 6758

Register now:
https://forms.office.com/r/z6CGfTKx0r",1,0
"Itâ€™s been a chill week, we just wanna say THANK YOU, to all who participated, and those who were just chillinâ€™. ğŸš¶ğŸ½

We appreciate you guys, and stay tuned for the reveal of your dumps. ğŸ˜‰ğŸ™ŒğŸ» 
#cmcmmu #mmu #cyberjaya #multimediauniversity #creativemultimedia #fcmmmu",0,0
"*OARS AGM 23/24*

You are all cordially invited to our Annual General Meeting as follows:

ğŸ—“ï¸ 1st February 2024
ğŸ•° 8:00pm â€“ 11:00pm
ğŸ“ FCA Cinema Hall
ğŸ’² Price: RM5

Join us as we will be introducing the new committees line up, past events reports and upcoming events for the term 23/24

ğŸ”— Register by clicking the link below:
https://shorturl.at/fhOT2

â€¼ï¸Light Refreshments will be served
â€¼ï¸Seats are limited
â€¼ï¸Seats are based on first pay first serve
â€¼ï¸Stricly no refunds

For more details, please contact:
+60 18-6636064 (Alya)
+60 19-6128432 (Adlina)

#PowerToTheOars #BornToBeTough #TrainedToBeRough #AGMOARS",1,1
"[MMU HORNBILLS REDS CLUB JERSEY 2025]

The official MMU Hornbills Reds Club 2025 Jersey - proudly collaborating by Luna Studio - is now open for preorder.
Represent Hornbills with pride and be part of the legacy. Secure yours today and stand out in true Hornbills spirit.

#mmuhornbillsreds #mmucyberjaya",0,0
"ğŸŒŸ Join Us for an Inspiring Speaker Session! ğŸŒŸ

Weâ€™re excited to welcome you to an evening of faith, fellowship, and encouragement as we host a special speaker session by Mr. Mark Raj. Come and be uplifted by powerful insights, meaningful discussions, and the opportunity to grow together in Christ.

Our topic will be â€œWhy do I exist in this World?â€

ğŸ“… Date: 26th November 2024
ğŸ•’ Time: 7.30pm-10.00pm
ğŸ“ Location: FOE CLBR 1022

Letâ€™s come together to learn, share, and deepen our faith journey. All are welcome! ğŸ¤— Bring a friend and be part of something extraordinary!",1,1
"ã€Šæœ€è®©ä½ åæ‚”çš„äº‹æ˜¯ä»€ä¹ˆï¼Ÿæ˜¯å¦æˆäº†å¿ƒä¸­çš„é—æ†¾ï¼Ÿã€‹ğŸ«‚

ğŸ—“ï¸æ—¥æœŸï¼š7/5/2025
â°æ—¶é—´ï¼š7:30pm - 10:00pm
ğŸ“åœ°ç‚¹ï¼šCLBR 1023

ğŸ”—ï¼šhttps://forms.gle/JKpdR83Rsw4cXjseA

ä½ æ˜¯å¦æ›¾æœ‰é—æ†¾ï¼Œä¹…ä¹…æ— æ³•é‡Šæ€€ï¼ŸğŸŒ±
åæ‚”æ²¡è¯´å‡ºå£çš„é‚£å¥è¯ï¼Œ
èµ°é”™çš„å­¦ä¸šé“è·¯ï¼Œ
è¿˜æ˜¯æœªæ›¾é“åˆ«çš„é‚£ä¸ªäººï¼Ÿ

æˆ‘ä»¬éƒ½æœ‰é—æ†¾ï¼Œä½†è¿™äº›æ˜¯å¦çœŸçš„æ³¨å®šæ— æ³•é‡Šæ€€ï¼Ÿä½›æ³•å‘Šè¯‰æˆ‘ä»¬ï¼Œå¿æ‚”ä¸æ˜¯å¦å®šè¿‡å»ï¼Œè€Œæ˜¯å¼€å¯æ”¹å˜çš„é’¥åŒ™ã€‚ğŸª·

åœ¨è¿™ä¸ªç‰¹åˆ«çš„å¤œæ™šï¼Œæ¬¢è¿ä½ æ¥åˆ†äº«æˆ–é™é™è†å¬ï¼Œä¸€èµ·é€è¿‡ä½›æ³•ä¸­çš„å¿æ‚”ä¸æˆé•¿ï¼Œèµ°å‘æ›´è½»ç›ˆçš„è‡ªå·±ã€‚âœ¨

#mmucyberjaya #buddhistsociety #dharmasharing",1,1
"BLOCK is back, baby!! ğŸ˜±ğŸ¤¯ And itâ€™s bringing the same chaos that we all know and love â€” skits, improvs, games, and glorious nonsense! 

TAMU members only, so scan that QR (or go to our linktree in our bio) to RSVP, dress comfy, and brace yourself for a night of unfiltered fun (and maybe a little accidental spotlight). Limited limited seats so act fast ğŸ«¨

ğŸ“£DETAILSğŸ“£
Date : 13th May 2025
Time : 8PM-12AM
Venue : CLBR1022 @ FAIE Building

DM for further enquiries!",1,1
"Come hungry, leave happy!
Weâ€™ve got you covered with breakfast and lunch included. All you need to bring is your best smile.
See you on 4th May â€” letâ€™s make memories together!#MMUWelcomeDay #FoodIncluded #StudentLife #CampusEats #MakingMemories #4thMay #ISSMMU",1,0
"äº”ä¸€åŠ³åŠ¨èŠ‚âš¡å‘æ¯ä¸€ä»½è¾›å‹¤ä»˜å‡ºè‡´æ•¬ğŸ«¡

åœ¨è¿™ä¸ªå±äºåŠ³åŠ¨è€…çš„æ—¥å­é‡Œï¼Œæˆ‘ä»¬å‘æ¯ä¸€ä½é»˜é»˜ä»˜å‡ºã€åšæŒè€•è€˜çš„ä½ è‡´ä»¥æœ€çœŸè¯šçš„æ•¬æ„ã€‚ 
æ„¿æ‰€æœ‰åŠªåŠ›éƒ½ä¸è¢«è¾œè´Ÿï¼Œæ‰€æœ‰æ±—æ°´ç»ˆæœ‰æ”¶è·ã€‚ 
ä¸ç®¡æ˜¯å¥”æ³¢çš„è„šæ­¥ï¼Œè¿˜æ˜¯é€‰æ‹©ä¼‘æ¯çš„ç‰‡åˆ»ï¼Œéƒ½å€¼å¾—è¢«å°Šé‡ä¸çæƒœã€‚

ğŸŠå¤šåª’ä½“å¤§å­¦ï¼ˆèµ›åŸï¼‰åæ–‡å­¦ä¼šåœ¨æ­¤ç¥å¤§å®¶äº”ä¸€åŠ³åŠ¨èŠ‚å¿«ä¹ï¼Œèº«å¿ƒå®‰åº·ï¼Œæ‰€æ„¿çš†æˆã€‚ğŸŠ

Labor Dayâš¡A Tribute to Every Hardworking SoulğŸ«¡

On this day dedicated to all who work with heart and hands, we salute your dedication, perseverance, and every silent effort made. 
May your hard work bear fruit, and may your journey be filled with meaning. 
Whether youâ€˜re hustling or taking a well-deserved break today, you deserve respect, rest, and recognition.

ğŸŠWishing you a joyful and peaceful Labor Day from the Chinese Language Society Multimedia University (Cyberjaya).ğŸŠ",0,0
"â€¼ï¸ MMU OPEN CHESS CHAMPIONSHIP 2022 â€¼ï¸

Attention kings & queens ,

Normal registration is now open!! University students from all over Malaysia are encouraged to join the national-level tournament!

An amazing opportunity to win cash prizes!!!

Date: 17th December 2022
Venue: Library & Learning Point
Normal registration closes on 15th of December 2022 (Thursday). Sign up for MMU Open Chess Championships 2022 today!!!!",1,1
"ã“ã‚“ã«ã¡ã¯ã€çš†ã•ã‚“ï¼

We would like to happily announce that JCS will be holding *Sakura Fest* on the *2nd of May, 2024*! â¸œ(ï½¡Ëƒ áµ• Ë‚ )â¸

â€ªğŸŒ¸ There will be various kinds of attractions for you to enjoy, such as...
â¥ ğŸ¶ Live music! ğŸ¶
â€¢ ğŸ€„ Traditional Japanese games! ğŸ€„
â¥ ğŸ’ƒğŸ¼ Dancing performances! ğŸ•ºğŸ¼
â€¢ ğŸ‘¨ğŸ¼â€ğŸ¨ Art booths! ğŸ‘©ğŸ¼â€ğŸ¨
â¥ ğŸ° ...and lastly, a maid cafÃ©! ğŸ¨âœ¨

ğŸŒ¸ An art competition will also be held, so if you've got the talent to create some stunning illustrations, we encourage you to join it!

ğŸŒ¸ For those who are interested in setting up their own art booth for this festival, we have provided a link down below.

ğŸ‘‡ğŸ» Click here to register! ğŸ‘‡ğŸ»
https://docs.google.com/forms/d/1AYR4T3xeYZWEV02ZpQ3r3EppwqJ6fVXAd9FTCLCYo0U/edit (Artist Booth) Link at bio

âš ï¸ Do remember that while cosplaying is allowed for Sakura Fest, please be sure to *adhere to MMU's dress code* at all times.

We hope to see all of you there!
èª­ã‚“ã§ãã‚Œã¦ã‚ã‚ŠãŒã¨ã†ï¼(Ë¶áµ” áµ• áµ”Ë¶)",1,1
"ğŸ”Œâœ¨ Ever wondered whatâ€™s Arduino is all about?
Whether youâ€™re a total beginner or just curious, this is your gateway into the world of embedded electronics and creative coding! ğŸ’¡ğŸ¤–

ğŸŒŸ What youâ€™ll learn:
âœ… What is Arduino
âœ… Anatomy of an Arduino board
âœ… Why itâ€™s worth learning
âœ… How to get started
âœ… Fun project ideas to try

Start your Arduino journey today. Itâ€™s easier and much more fun than you think! ğŸš€

ğŸ’¬ If you found this helpful? Like & Share it with your friends!
ğŸ”” Donâ€™t forget to follow IEEE MMU SB for more hands on tech guides and scientific content every month! 

#arduino #stem #engineering #infographics",1,0
"ğŸ”¥ Attention Gamers! ğŸ”¥

We're back for an epic Valorant Scrimmage! ğŸ®âœ¨

Calling all sharpshooters and strategists at MMU to join us for a thrilling challenge of tactical gameplay and fierce competition. Test your skills, meet fellow Valorant enthusiasts, and show off your best plays!

ğŸ“… Date: 25th-27th October 2024
ğŸ‰Registration Closing Date: 24th October
ğŸ“ Venue: MMU eSports Discord Server

Grab your squad or come solo and get matched up with other players. Whether youâ€™re a seasoned pro or a rookie, all skill levels are welcome.

Sign up now and secure your spot! ğŸ¯ğŸ’¥

#ValorantScrim #MMUeSports #GetYourGameOn",1,1
"This time, MMUCS is bringing you a whole new level of fun! ğŸ”¥

Get ready for an epic night packed with games prepared by our lovely FES staff! From heartwarming bonding moments â¤â€ğŸ”¥ to thrilling activities, and get set for an unforgettable night. ğŸ’«

ğŸ“… Date: 29th April (Tuesday)
ğŸ• Time: 7:30 PM
ğŸ“ Location: FAIE (FOE), CLBR 1023, level G",1,1
"[ GEMA GEMILANG: MMU SUKAN RAKYAT ]

Get ready to lace up and dive into a race that celebrates tradition and community! Join us for an unforgettable event where heritage meets competition, and experience a true taste of local culture. Donâ€™t miss your chance to be a part of this unique experience! ğŸƒâ€â™‚ï¸ğŸ…

Kindly register by filling out the Google Form provided below by 25th August 2024.

https://forms.office.com/r/09J6T5LyC8

For any further enquiries, please do not hesitate to contact:
Nur Shahizatul Azra Binti Mohd Sahir (Deputy Director) - 013-346 0618
Hanis Faizah Najwa binti Mohd Faiz (Head of Activity Division) - 017-664 2818

[ GEMA GEMILANG: MMU SUKAN RAKYAT ]

Bersiap sedia dan sertailah perlumbaan yang meraikan tradisi dan komuniti! Jom ikuti acara kami di mana warisan bertemu dengan persaingan, dan alami budaya tempatan dengan lebih dekat. Jangan lepaskan peluang untuk menjadi sebahagian daripada pengalaman unik ini! ğŸƒğŸ»â€â™‚ï¸ğŸ…

""Striving for Community Cohesion""
Students' College Committee 2023/2024,
Multimedia University, Melaka.",1,1
"Ready to grow your skills and make an impact?
Join the MMU Smart Farming Program (MUST) 2025 Committee and be part of an innovative team shaping the future of smart agriculture!

Weâ€™re recruiting for:
â€¢	Hardware & Design Implementation
â€¢	Software Development
â€¢	Communications & Publicity
â€¢	Secretarial Department

Why join?
âœ¨ Real-world tech exposure
ğŸ› ï¸ Hands-on skills (hardware, software & IoT!)
ğŸ¤ Leadership & teamwork experience
ğŸŒ Mentorship & industry networking
ğŸ“ Portfolio & career boost#
Deadline: 17 March 2025
Scan the QR code and join now!

Letâ€™s build the futureâ€”together.
#engsocmmu",0,0
"ğŸ®ğŸ‰ Happy Chinese New Year 2025! ğŸ‰

Wishing you joy, prosperity, and powerful smashes this Year of the Dragon! ğŸ’ªğŸ¸

From MMU Cyberjaya Badminton Club, have an amazing Lunar New Year! ğŸ†âœ¨
#YearOfTheDragon #MMUBadmintonClub",0,0
